Ticker,Name,Sector,Asset Class,Market Value,Weight (%),Notional Value,Shares,Price,Location,Exchange
NVDA,NVIDIA CORP,Information Technology,Equity,"3,38,66,72,645.83",7.06,"3,38,66,72,645.83","1,65,05,057.00",205.19,United States,NASDAQ
AAPL,APPLE INC,Information Technology,Equity,"2,95,77,98,410.21",6.17,"2,95,77,98,410.21","1,01,59,717.00",291.13,United States,NASDAQ
MSFT,MICROSOFT CORP,Information Technology,Equity,"2,04,36,53,036.88",4.26,"2,04,36,53,036.88","52,30,212.00",390.74,United States,NASDAQ
AMZN,AMAZON.COM INC,Consumer Discretionary,Equity,"1,61,37,65,225.15",3.37,"1,61,37,65,225.15","67,64,893.00",238.55,United States,NASDAQ
GOOGL,ALPHABET INC CLASS A,Communication,Equity,"1,47,72,06,119.68",3.08,"1,47,72,06,119.68","41,07,001.00",359.68,United States,NASDAQ
AVGO,BROADCOM INC,Information Technology,Equity,"1,24,43,68,749.91",2.6,"1,24,43,68,749.91","32,56,913.00",382.07,United States,NASDAQ
GOOG,ALPHABET INC CLASS C,Communication,Equity,"1,20,01,92,727.36",2.5,"1,20,01,92,727.36","33,50,996.00",358.16,United States,NASDAQ
META,META PLATFORMS INC CLASS A,Communication,Equity,"87,30,11,423.86",1.82,"87,30,11,423.86","15,39,757.00",566.98,United States,NASDAQ
TSLA,TESLA INC,Consumer Discretionary,Equity,"80,87,34,735.50",1.69,"80,87,34,735.50","19,89,850.00",406.43,United States,NASDAQ
MU,MICRON TECHNOLOGY INC,Information Technology,Equity,"77,34,65,489.16",1.61,"77,34,65,489.16","7,87,956.00",981.61,United States,NASDAQ
LLY,ELI LILLY,Health Care,Equity,"64,01,13,276.00",1.34,"64,01,13,276.00","5,64,972.00","1,133.00",United States,NYSE
BRKB,BERKSHIRE HATHAWAY INC CLASS B,Financials,Equity,"63,63,70,899.75",1.33,"63,63,70,899.75","13,00,707.00",489.25,United States,NYSE
JPM,JPMORGAN CHASE & CO,Financials,Equity,"61,44,28,640.88",1.28,"61,44,28,640.88","19,15,779.00",320.72,United States,NYSE
AMD,ADVANCED MICRO DEVICES INC,Information Technology,Equity,"58,09,89,537.43",1.21,"58,09,89,537.43","11,35,699.00",511.57,United States,NASDAQ
XOM,EXXON MOBIL CORP,Energy,Equity,"43,79,99,241.84",0.91,"43,79,99,241.84","29,79,384.00",147.01,United States,NYSE
JNJ,JOHNSON & JOHNSON,Health Care,Equity,"40,87,73,732.64",0.85,"40,87,73,732.64","16,97,072.00",240.87,United States,NYSE
INTC,INTEL CORPORATION,Information Technology,Equity,"38,74,01,986.98",0.81,"38,74,01,986.98","31,09,914.00",124.57,United States,NASDAQ
V,VISA INC CLASS A,Financials,Equity,"38,27,15,616.80",0.8,"38,27,15,616.80","11,87,120.00",322.39,United States,NYSE
WMT,WALMART INC,Consumer Staples,Equity,"37,13,73,112.40",0.77,"37,13,73,112.40","30,68,185.00",121.04,United States,NASDAQ
CSCO,CISCO SYSTEMS INC,Information Technology,Equity,"33,99,16,074.40",0.71,"33,99,16,074.40","28,06,904.00",121.1,United States,NASDAQ
LRCX,LAM RESEARCH CORP,Information Technology,Equity,"32,47,90,447.26",0.68,"32,47,90,447.26","8,85,446.00",366.81,United States,NASDAQ
AMAT,APPLIED MATERIAL INC,Information Technology,Equity,"31,73,93,959.75",0.66,"31,73,93,959.75","5,59,531.00",567.25,United States,NASDAQ
COST,COSTCO WHOLESALE CORP,Consumer Staples,Equity,"30,75,05,020.50",0.64,"30,75,05,020.50","3,13,030.00",982.35,United States,NASDAQ
CAT,CATERPILLAR INC,Industrials,Equity,"29,73,35,706.66",0.62,"29,73,35,706.66","3,26,538.00",910.57,United States,NYSE
ABBV,ABBVIE INC,Health Care,Equity,"28,45,99,646.52",0.59,"28,45,99,646.52","12,49,724.00",227.73,United States,NYSE
MA,MASTERCARD INC CLASS A,Financials,Equity,"27,77,78,481.64",0.58,"27,77,78,481.64","5,66,918.00",489.98,United States,NYSE
UNH,UNITEDHEALTH GROUP INC,Health Care,Equity,"26,21,59,131.08",0.55,"26,21,59,131.08","6,41,729.00",408.52,United States,NYSE
BAC,BANK OF AMERICA CORP,Financials,Equity,"25,92,49,075.90",0.54,"25,92,49,075.90","46,27,795.00",56.02,United States,NYSE
PG,PROCTER & GAMBLE,Consumer Staples,Equity,"24,77,08,977.78",0.52,"24,77,08,977.78","16,55,698.00",149.61,United States,NYSE
CVX,CHEVRON CORP,Energy,Equity,"24,74,46,240.14",0.52,"24,74,46,240.14","13,21,687.00",187.22,United States,NYSE
GE,GE AEROSPACE,Industrials,Equity,"24,59,54,956.10",0.51,"24,59,54,956.10","7,33,537.00",335.3,United States,NYSE
NFLX,NETFLIX INC,Communication,Equity,"24,01,53,292.08",0.5,"24,01,53,292.08","29,89,212.00",80.34,United States,NASDAQ
KLAC,KLA CORP,Information Technology,Equity,"23,60,29,851.20",0.49,"23,60,29,851.20","9,27,280.00",254.54,United States,NASDAQ
HD,HOME DEPOT INC,Consumer Discretionary,Equity,"23,06,48,657.18",0.48,"23,06,48,657.18","7,02,362.00",328.39,United States,NYSE
KO,COCA-COLA,Consumer Staples,Equity,"22,65,84,771.66",0.47,"22,65,84,771.66","27,42,493.00",82.62,United States,NYSE
GS,GOLDMAN SACHS GROUP INC,Financials,Equity,"22,00,27,509.00",0.46,"22,00,27,509.00","2,07,036.00","1,062.75",United States,NYSE
ORCL,ORACLE CORP,Information Technology,Equity,"21,85,83,484.95",0.46,"21,85,83,484.95","11,87,115.00",184.13,United States,NYSE
MRK,MERCK & CO INC,Health Care,Equity,"20,84,77,145.65",0.43,"20,84,77,145.65","17,51,173.00",119.05,United States,NYSE
PM,PHILIP MORRIS INTERNATIONAL INC,Consumer Staples,Equity,"20,25,86,983.20",0.42,"20,25,86,983.20","10,99,224.00",184.3,United States,NYSE
SNDK,SANDISK CORP,Information Technology,Equity,"19,96,05,960.60",0.42,"19,96,05,960.60","1,00,806.00","1,980.10",United States,NASDAQ
PLTR,PALANTIR TECHNOLOGIES INC CLASS A,Information Technology,Equity,"19,71,58,867.76",0.41,"19,71,58,867.76","15,40,424.00",127.99,United States,NASDAQ
TXN,TEXAS INSTRUMENT INC,Information Technology,Equity,"19,29,97,142.72",0.4,"19,29,97,142.72","6,40,931.00",301.12,United States,NASDAQ
WFC,WELLS FARGO,Financials,Equity,"18,27,16,694.49",0.38,"18,27,16,694.49","21,82,213.00",83.73,United States,NYSE
GEV,GE VERNOVA INC,Industrials,Equity,"17,91,65,628.88",0.37,"17,91,65,628.88","1,90,468.00",940.66,United States,NYSE
IBM,INTERNATIONAL BUSINESS MACHINES CO,Information Technology,Equity,"17,84,83,810.88",0.37,"17,84,83,810.88","6,55,612.00",272.24,United States,NYSE
LIN,LINDE PLC,Materials,Equity,"17,34,60,311.71",0.36,"17,34,60,311.71","3,31,303.00",523.57,United States,NASDAQ
RTX,RTX CORP,Industrials,Equity,"17,32,24,974.03",0.36,"17,32,24,974.03","9,43,851.00",183.53,United States,NYSE
MS,MORGAN STANLEY,Financials,Equity,"17,11,07,428.72",0.36,"17,11,07,428.72","7,99,418.00",214.04,United States,NYSE
C,CITIGROUP INC,Financials,Equity,"17,07,74,518.83",0.36,"17,07,74,518.83","12,21,301.00",139.83,United States,NYSE
MRVL,MARVELL TECHNOLOGY INC,Information Technology,Equity,"16,69,72,509.00",0.35,"16,69,72,509.00","5,96,970.00",279.7,United States,NASDAQ
QCOM,QUALCOMM INC,Information Technology,Equity,"15,96,66,732.52",0.33,"15,96,66,732.52","7,54,141.00",211.72,United States,NASDAQ
PANW,PALO ALTO NETWORKS INC,Information Technology,Equity,"15,77,60,205.90",0.33,"15,77,60,205.90","5,64,195.00",279.62,United States,NASDAQ
ADI,ANALOG DEVICES INC,Information Technology,Equity,"14,39,42,024.28",0.3,"14,39,42,024.28","3,44,532.00",417.79,United States,NASDAQ
MCD,MCDONALDS CORP,Consumer Discretionary,Equity,"14,34,37,436.25",0.3,"14,34,37,436.25","5,03,625.00",284.81,United States,NYSE
VZ,VERIZON COMMUNICATIONS INC,Communication,Equity,"14,33,26,714.06",0.3,"14,33,26,714.06","29,79,146.00",48.11,United States,NYSE
PEP,PEPSICO INC,Consumer Staples,Equity,"13,93,02,206.82",0.29,"13,93,02,206.82","9,65,566.00",144.27,United States,NASDAQ
WDC,WESTERN DIGITAL CORP,Information Technology,Equity,"13,50,77,794.22",0.28,"13,50,77,794.22","2,39,957.00",562.92,United States,NASDAQ
AMGN,AMGEN INC,Health Care,Equity,"13,46,65,555.20",0.28,"13,46,65,555.20","3,79,126.00",355.2,United States,NASDAQ
TJX,TJX INC,Consumer Discretionary,Equity,"13,26,85,355.11",0.28,"13,26,85,355.11","7,87,871.00",168.41,United States,NYSE
APH,AMPHENOL CORP CLASS A,Information Technology,Equity,"13,23,43,208.20",0.28,"13,23,43,208.20","8,60,489.00",153.8,United States,NYSE
NEE,NEXTERA ENERGY INC,Utilities,Equity,"12,64,33,934.67",0.26,"12,64,33,934.67","14,70,333.00",85.99,United States,NYSE
DIS,WALT DISNEY,Communication,Equity,"12,52,58,483.36",0.26,"12,52,58,483.36","12,52,084.00",100.04,United States,NYSE
TMO,THERMO FISHER SCIENTIFIC INC,Health Care,Equity,"12,49,50,980.18",0.26,"12,49,50,980.18","2,66,227.00",469.34,United States,NYSE
AXP,AMERICAN EXPRESS,Financials,Equity,"12,39,42,847.68",0.26,"12,39,42,847.68","3,80,847.00",325.44,United States,NYSE
CRWD,CROWDSTRIKE HOLDINGS INC CLASS A,Information Technology,Equity,"11,90,28,427.20",0.25,"11,90,28,427.20","1,74,324.00",682.8,United States,NASDAQ
ANET,ARISTA NETWORKS INC,Information Technology,Equity,"11,87,14,004.64",0.25,"11,87,14,004.64","7,27,236.00",163.24,United States,NYSE
BA,BOEING,Industrials,Equity,"11,66,66,468.10",0.24,"11,66,66,468.10","5,32,602.00",219.05,United States,NYSE
UNP,UNION PACIFIC CORP,Industrials,Equity,"11,49,28,596.90",0.24,"11,49,28,596.90","4,21,447.00",272.7,United States,NYSE
T,AT&T INC,Communication,Equity,"11,48,73,907.86",0.24,"11,48,73,907.86","48,71,667.00",23.58,United States,NYSE
BLK,BLACKROCK INC,Financials,Equity,"11,10,28,752.00",0.23,"11,10,28,752.00","1,07,586.00","1,032.00",United States,NYSE
GILD,GILEAD SCIENCES INC,Health Care,Equity,"11,02,67,768.82",0.23,"11,02,67,768.82","8,77,998.00",125.59,United States,NASDAQ
ETN,EATON PLC,Industrials,Equity,"10,80,91,741.86",0.23,"10,80,91,741.86","2,76,174.00",391.39,United States,NYSE
ABT,ABBOTT LABORATORIES,Health Care,Equity,"10,76,30,920.76",0.22,"10,76,30,920.76","12,20,582.00",88.18,United States,NYSE
SCHW,CHARLES SCHWAB CORP,Financials,Equity,"10,72,55,218.50",0.22,"10,72,55,218.50","11,77,335.00",91.1,United States,NYSE
CRM,SALESFORCE INC,Information Technology,Equity,"10,66,46,201.97",0.22,"10,66,46,201.97","6,42,873.00",165.89,United States,NYSE
PFE,PFIZER INC,Health Care,Equity,"10,50,40,821.02",0.22,"10,50,40,821.02","40,07,662.00",26.21,United States,NYSE
WELL,WELLTOWER INC,Real Estate,Equity,"10,39,44,181.77",0.22,"10,39,44,181.77","4,85,199.00",214.23,United States,NYSE
ISRG,INTUITIVE SURGICAL INC,Health Care,Equity,"10,23,27,221.10",0.21,"10,23,27,221.10","2,48,935.00",411.06,United States,NASDAQ
COP,CONOCOPHILLIPS,Energy,Equity,"10,20,61,891.54",0.21,"10,20,61,891.54","8,72,473.00",116.98,United States,NYSE
DE,DEERE,Industrials,Equity,"9,94,67,465.12",0.21,"9,94,67,465.12","1,72,244.00",577.48,United States,NYSE
HON,HONEYWELL INTERNATIONAL INC,Industrials,Equity,"9,88,57,503.20",0.21,"9,88,57,503.20","4,48,720.00",220.31,United States,NASDAQ
GLW,CORNING INC,Information Technology,Equity,"9,86,07,488.00",0.21,"9,86,07,488.00","5,50,265.00",179.2,United States,NYSE
UBER,UBER TECHNOLOGIES INC,Industrials,Equity,"9,77,95,710.45",0.2,"9,77,95,710.45","14,20,417.00",68.85,United States,NYSE
PLD,PROLOGIS REIT INC,Real Estate,Equity,"9,74,24,253.78",0.2,"9,74,24,253.78","6,54,997.00",148.74,United States,NYSE
BKNG,BOOKING HOLDINGS INC,Consumer Discretionary,Equity,"9,44,71,859.10",0.2,"9,44,71,859.10","5,72,765.00",164.94,United States,NASDAQ
CVS,CVS HEALTH CORP,Health Care,Equity,"8,99,28,414.12",0.19,"8,99,28,414.12","8,81,997.00",101.96,United States,NYSE
SPGI,S&P GLOBAL INC,Financials,Equity,"8,94,56,135.95",0.19,"8,94,56,135.95","2,13,545.00",418.91,United States,NYSE
LOW,LOWES COMPANIES INC,Consumer Discretionary,Equity,"8,72,16,489.64",0.18,"8,72,16,489.64","3,95,038.00",220.78,United States,NYSE
DELL,DELL TECHNOLOGIES INC CLASS C,Information Technology,Equity,"8,71,12,425.40",0.18,"8,71,12,425.40","2,20,220.00",395.57,United States,NYSE
MO,ALTRIA GROUP INC,Consumer Staples,Equity,"8,57,07,517.50",0.18,"8,57,07,517.50","11,91,375.00",71.94,United States,NYSE
CB,CHUBB,Financials,Equity,"8,44,82,268.12",0.18,"8,44,82,268.12","2,57,458.00",328.14,United States,NYSE
PGR,PROGRESSIVE CORP,Financials,Equity,"8,39,41,910.13",0.18,"8,39,41,910.13","4,13,283.00",203.11,United States,NYSE
APP,APPLOVIN CORP CLASS A,Information Technology,Equity,"8,34,96,604.83",0.17,"8,34,96,604.83","1,68,079.00",496.77,United States,NASDAQ
SBUX,STARBUCKS CORP,Consumer Discretionary,Equity,"8,27,37,719.68",0.17,"8,27,37,719.68","8,02,967.00",103.04,United States,NASDAQ
BMY,BRISTOL MYERS SQUIBB,Health Care,Equity,"8,20,83,527.05",0.17,"8,20,83,527.05","14,36,785.00",57.13,United States,NYSE
VRT,VERTIV HOLDINGS CLASS A,Industrials,Equity,"8,12,76,981.72",0.17,"8,12,76,981.72","2,68,356.00",302.87,United States,NYSE
PH,PARKER-HANNIFIN CORP,Industrials,Equity,"8,04,96,454.08",0.17,"8,04,96,454.08","89,096.00",903.48,United States,NYSE
COF,CAPITAL ONE FINANCIAL CORP,Financials,Equity,"8,00,93,386.10",0.17,"8,00,93,386.10","4,33,570.00",184.73,United States,NYSE
DHR,DANAHER CORP,Health Care,Equity,"7,98,82,454.50",0.17,"7,98,82,454.50","4,43,545.00",180.1,United States,NYSE
VRTX,VERTEX PHARMACEUTICALS INC,Health Care,Equity,"7,96,60,706.78",0.17,"7,96,60,706.78","1,79,043.00",444.93,United States,NASDAQ
LMT,LOCKHEED MARTIN CORP,Industrials,Equity,"7,84,95,900.42",0.16,"7,84,95,900.42","1,45,274.00",540.33,United States,NYSE
NEM,NEWMONT,Materials,Equity,"7,76,19,414.99",0.16,"7,76,19,414.99","7,74,413.00",100.23,United States,NYSE
SYK,STRYKER CORP,Health Care,Equity,"7,58,75,527.00",0.16,"7,58,75,527.00","2,43,035.00",312.2,United States,NYSE
NOW,SERVICENOW INC,Information Technology,Equity,"7,53,24,388.50",0.16,"7,53,24,388.50","7,37,390.00",102.15,United States,NYSE
HWM,HOWMET AEROSPACE INC,Industrials,Equity,"7,48,64,291.53",0.16,"7,48,64,291.53","2,82,859.00",264.67,United States,NYSE
CDNS,CADENCE DESIGN SYSTEMS INC,Information Technology,Equity,"7,41,81,792.00",0.15,"7,41,81,792.00","1,92,700.00",384.96,United States,NASDAQ
ACN,ACCENTURE PLC CLASS A,Information Technology,Equity,"7,39,29,445.92",0.15,"7,39,29,445.92","4,34,164.00",170.28,United States,NYSE
PWR,QUANTA SERVICES INC,Industrials,Equity,"7,33,72,113.54",0.15,"7,33,72,113.54","1,03,671.00",707.74,United States,NYSE
SO,SOUTHERN,Utilities,Equity,"7,30,65,824.00",0.15,"7,30,65,824.00","7,77,296.00",94,United States,NYSE
EQIX,EQUINIX REIT INC,Real Estate,Equity,"7,27,81,852.20",0.15,"7,27,81,852.20","68,932.00","1,055.85",United States,NASDAQ
MDT,MEDTRONIC PLC,Health Care,Equity,"7,26,48,207.60",0.15,"7,26,48,207.60","9,05,838.00",80.2,United States,NYSE
TT,TRANE TECHNOLOGIES PLC,Industrials,Equity,"7,20,20,403.00",0.15,"7,20,20,403.00","1,57,164.00",458.25,United States,NYSE
BNY,BANK OF NEW YORK MELLON CORP,Financials,Equity,"6,99,99,908.44",0.15,"6,99,99,908.44","4,86,178.00",143.98,United States,NYSE
FCX,FREEPORT MCMORAN INC,Materials,Equity,"6,90,84,385.78",0.14,"6,90,84,385.78","10,09,858.00",68.41,United States,NYSE
DUK,DUKE ENERGY CORP,Utilities,Equity,"6,85,59,166.85",0.14,"6,85,59,166.85","5,48,605.00",124.97,United States,NYSE
MCK,MCKESSON CORP,Health Care,Equity,"6,83,73,080.25",0.14,"6,83,73,080.25","87,205.00",784.05,United States,NYSE
CME,CME GROUP INC CLASS A,Financials,Equity,"6,82,26,667.96",0.14,"6,82,26,667.96","2,53,132.00",269.53,United States,NASDAQ
PNC,PNC FINANCIAL SERVICES GROUP INC,Financials,Equity,"6,50,92,459.74",0.14,"6,50,92,459.74","2,73,889.00",237.66,United States,NYSE
USB,US BANCORP,Financials,Equity,"6,47,52,485.98",0.14,"6,47,52,485.98","10,98,617.00",58.94,United States,NYSE
GD,GENERAL DYNAMICS CORP,Industrials,Equity,"6,42,39,833.70",0.13,"6,42,39,833.70","1,78,335.00",360.22,United States,NYSE
TMUS,T MOBILE US INC,Communication,Equity,"6,42,23,087.50",0.13,"6,42,23,087.50","3,39,625.00",189.1,United States,NASDAQ
BX,BLACKSTONE INC,Financials,Equity,"6,42,26,537.40",0.13,"6,42,26,537.40","5,23,060.00",122.79,United States,NYSE
ADP,AUTOMATIC DATA PROCESSING INC,Industrials,Equity,"6,41,68,538.28",0.13,"6,41,68,538.28","2,83,668.00",226.21,United States,NASDAQ
FTNT,FORTINET INC,Information Technology,Equity,"6,39,48,168.90",0.13,"6,39,48,168.90","4,37,103.00",146.3,United States,NASDAQ
CMI,CUMMINS INC,Industrials,Equity,"6,39,22,536.12",0.13,"6,39,22,536.12","96,914.00",659.58,United States,NYSE
ELV,ELEVANCE HEALTH INC,Health Care,Equity,"6,33,94,542.30",0.13,"6,33,94,542.30","1,56,890.00",404.07,United States,NYSE
MAR,MARRIOTT INTERNATIONAL INC CLASS A,Consumer Discretionary,Equity,"6,30,81,640.86",0.13,"6,30,81,640.86","1,56,709.00",402.54,United States,NASDAQ
CSX,CSX CORP,Industrials,Equity,"6,28,29,076.47",0.13,"6,28,29,076.47","13,20,771.00",47.57,United States,NASDAQ
JCI,JOHNSON CONTROLS INTERNATIONAL PLC,Industrials,Equity,"6,26,96,794.56",0.13,"6,26,96,794.56","4,32,511.00",144.96,United States,NYSE
CMCSA,COMCAST CORP CLASS A,Communication,Equity,"6,23,67,151.00",0.13,"6,23,67,151.00","25,45,598.00",24.5,United States,NASDAQ
WMB,WILLIAMS INC,Energy,Equity,"6,17,77,389.36",0.13,"6,17,77,389.36","8,57,067.00",72.08,United States,NYSE
AMT,AMERICAN TOWER REIT CORP,Real Estate,Equity,"6,16,26,394.48",0.13,"6,16,26,394.48","3,29,236.00",187.18,United States,NYSE
SNPS,SYNOPSYS INC,Information Technology,Equity,"6,12,16,598.19",0.13,"6,12,16,598.19","1,34,871.00",453.89,United States,NASDAQ
MMM,3M,Industrials,Equity,"5,94,02,138.96",0.12,"5,94,02,138.96","3,75,203.00",158.32,United States,NYSE
SLB,SLB NV,Energy,Equity,"5,92,96,529.32",0.12,"5,92,96,529.32","10,55,474.00",56.18,United States,NYSE
ADBE,ADOBE INC,Information Technology,Equity,"5,90,43,183.98",0.12,"5,90,43,183.98","2,89,399.00",204.02,United States,NASDAQ
MRSH,MARSH INC,Financials,Equity,"5,76,34,076.36",0.12,"5,76,34,076.36","3,41,677.00",168.68,United States,NYSE
MDLZ,MONDELEZ INTERNATIONAL INC CLASS A,Consumer Staples,Equity,"5,76,22,811.07",0.12,"5,76,22,811.07","9,14,793.00",62.99,United States,NASDAQ
CEG,CONSTELLATION ENERGY CORP,Utilities,Equity,"5,73,66,761.92",0.12,"5,73,66,761.92","2,26,067.00",253.76,United States,NASDAQ
WM,WASTE MANAGEMENT INC,Industrials,Equity,"5,72,83,252.95",0.12,"5,72,83,252.95","2,61,031.00",219.45,United States,NYSE
EMR,EMERSON ELECTRIC,Industrials,Equity,"5,69,35,421.85",0.12,"5,69,35,421.85","3,97,955.00",143.07,United States,NYSE
ICE,INTERCONTINENTAL EXCHANGE INC,Financials,Equity,"5,66,14,196.86",0.12,"5,66,14,196.86","4,02,862.00",140.53,United States,NYSE
MPC,MARATHON PETROLEUM CORP,Energy,Equity,"5,60,11,277.16",0.12,"5,60,11,277.16","2,12,502.00",263.58,United States,NYSE
UPS,UNITED PARCEL SERVICE INC CLASS B,Industrials,Equity,"5,59,26,507.90",0.12,"5,59,26,507.90","5,17,359.00",108.1,United States,NYSE
HLT,HILTON WORLDWIDE HOLDINGS INC,Consumer Discretionary,Equity,"5,56,77,884.90",0.12,"5,56,77,884.90","1,60,942.00",345.95,United States,NYSE
VLO,VALERO ENERGY CORP,Energy,Equity,"5,54,98,165.84",0.12,"5,54,98,165.84","2,14,552.00",258.67,United States,NYSE
CI,CIGNA,Health Care,Equity,"5,52,86,152.00",0.12,"5,52,86,152.00","1,85,524.00",298,United States,NYSE
SNOW,SNOWFLAKE INC,Information Technology,Equity,"5,45,19,403.80",0.11,"5,45,19,403.80","2,34,210.00",232.78,United States,NYSE
ORLY,OREILLY AUTOMOTIVE INC,Consumer Discretionary,Equity,"5,40,98,647.20",0.11,"5,40,98,647.20","5,94,360.00",91.02,United States,NASDAQ
ROST,ROSS STORES INC,Consumer Discretionary,Equity,"5,39,91,789.72",0.11,"5,39,91,789.72","2,24,844.00",240.13,United States,NASDAQ
INTU,INTUIT INC,Information Technology,Equity,"5,33,96,160.42",0.11,"5,33,96,160.42","1,92,954.00",276.73,United States,NASDAQ
RCL,ROYAL CARIBBEAN GROUP LTD,Consumer Discretionary,Equity,"5,26,68,997.70",0.11,"5,26,68,997.70","1,78,915.00",294.38,United States,NYSE
ITW,ILLINOIS TOOL INC,Industrials,Equity,"5,26,33,622.94",0.11,"5,26,33,622.94","2,04,458.00",257.43,United States,NYSE
EOG,EOG RESOURCES INC,Energy,Equity,"5,25,82,920.00",0.11,"5,25,82,920.00","3,84,800.00",136.65,United States,NYSE
SPOT,SPOTIFY TECHNOLOGY SA,Communication,Equity,"5,22,73,382.00",0.11,"5,22,73,382.00","1,08,451.00",482,Sweden,NYSE
NOC,NORTHROP GRUMMAN CORP,Industrials,Equity,"5,19,50,601.67",0.11,"5,19,50,601.67","94,399.00",550.33,United States,NYSE
GM,GENERAL MOTORS,Consumer Discretionary,Equity,"5,18,27,969.00",0.11,"5,18,27,969.00","6,35,926.00",81.5,United States,NYSE
SHW,SHERWIN WILLIAMS,Materials,Equity,"5,16,45,651.80",0.11,"5,16,45,651.80","1,62,766.00",317.3,United States,NYSE
MPWR,MONOLITHIC POWER SYSTEMS INC,Information Technology,Equity,"5,14,19,054.68",0.11,"5,14,19,054.68","32,599.00","1,577.32",United States,NASDAQ
FDX,FEDEX CORP,Industrials,Equity,"5,10,51,655.62",0.11,"5,10,51,655.62","1,50,902.00",338.31,United States,NYSE
PSX,PHILLIPS 66,Energy,Equity,"5,10,20,326.75",0.11,"5,10,20,326.75","2,84,315.00",179.45,United States,NYSE
DDOG,DATADOG INC CLASS A,Information Technology,Equity,"5,06,33,176.00",0.11,"5,06,33,176.00","2,20,240.00",229.9,United States,NASDAQ
CL,COLGATE-PALMOLIVE,Consumer Staples,Equity,"5,05,86,837.40",0.11,"5,05,86,837.40","5,65,532.00",89.45,United States,NYSE
NET,CLOUDFLARE INC CLASS A,Information Technology,Equity,"5,05,48,686.72",0.11,"5,05,48,686.72","2,21,239.00",228.48,United States,NYSE
CRH,CRH PUBLIC LIMITED PLC,Materials,Equity,"5,04,73,543.12",0.11,"5,04,73,543.12","4,74,019.00",106.48,United States,NYSE
NSC,NORFOLK SOUTHERN CORP,Industrials,Equity,"5,00,43,532.20",0.1,"5,00,43,532.20","1,59,420.00",313.91,United States,NYSE
SPG,SIMON PROPERTY GROUP REIT INC,Real Estate,Equity,"4,99,71,347.52",0.1,"4,99,71,347.52","2,28,138.00",219.04,United States,NYSE
HOOD,ROBINHOOD MARKETS INC CLASS A,Financials,Equity,"4,97,30,657.12",0.1,"4,97,30,657.12","5,33,648.00",93.19,United States,NASDAQ
AON,AON PLC CLASS A,Financials,Equity,"4,95,17,574.87",0.1,"4,95,17,574.87","1,47,677.00",335.31,United States,NYSE
TDG,TRANSDIGM GROUP INC,Industrials,Equity,"4,91,01,506.60",0.1,"4,91,01,506.60","39,092.00","1,256.05",United States,NYSE
MCO,MOODYS CORP,Financials,Equity,"4,89,46,422.20",0.1,"4,89,46,422.20","1,09,292.00",447.85,United States,NYSE
BSX,BOSTON SCIENTIFIC CORP,Health Care,Equity,"4,88,59,345.05",0.1,"4,88,59,345.05","10,41,555.00",46.91,United States,NYSE
AEP,AMERICAN ELECTRIC POWER INC,Utilities,Equity,"4,88,56,823.03",0.1,"4,88,56,823.03","3,78,061.00",129.23,United States,NASDAQ
XTSLA,BLK CSH FND TREASURY SL AGENCY,Cash and/or Derivatives,Money Market,"4,83,77,552.08",0.1,"4,83,77,552.08","4,83,77,552.00",1,United States,--
MSI,MOTOROLA SOLUTIONS INC,Information Technology,Equity,"4,83,52,802.50",0.1,"4,83,52,802.50","1,17,290.00",412.25,United States,NYSE
URI,UNITED RENTALS INC,Industrials,Equity,"4,81,32,397.44",0.1,"4,81,32,397.44","44,806.00","1,074.24",United States,NYSE
COHR,COHERENT CORP,Information Technology,Equity,"4,73,57,919.94",0.1,"4,73,57,919.94","1,22,998.00",385.03,United States,NYSE
ECL,ECOLAB INC,Materials,Equity,"4,67,76,389.22",0.1,"4,67,76,389.22","1,76,242.00",265.41,United States,NYSE
TRV,TRAVELERS COMPANIES INC,Financials,Equity,"4,64,63,945.06",0.1,"4,64,63,945.06","1,52,611.00",304.46,United States,NYSE
FIX,COMFORT SYSTEMS USA INC,Industrials,Equity,"4,60,95,325.50",0.1,"4,60,95,325.50","24,550.00","1,877.61",United States,NYSE
KKR,KKR AND CO INC,Financials,Equity,"4,59,75,291.60",0.1,"4,59,75,291.60","4,77,715.00",96.24,United States,NYSE
TFC,TRUIST FINANCIAL CORP,Financials,Equity,"4,58,98,308.54",0.1,"4,58,98,308.54","8,88,469.00",51.66,United States,NYSE
MNST,MONSTER BEVERAGE CORP,Consumer Staples,Equity,"4,56,24,831.04",0.1,"4,56,24,831.04","4,91,488.00",92.83,United States,NASDAQ
LITE,LUMENTUM HOLDINGS INC,Information Technology,Equity,"4,56,09,847.52",0.1,"4,56,09,847.52","49,492.00",921.56,United States,NASDAQ
HPE,HEWLETT PACKARD ENTERPRISE,Information Technology,Equity,"4,51,33,796.73",0.09,"4,51,33,796.73","9,36,969.00",48.17,United States,NYSE
DLR,DIGITAL REALTY TRUST REIT INC,Real Estate,Equity,"4,47,54,889.80",0.09,"4,47,54,889.80","2,42,969.00",184.2,United States,NYSE
TER,TERADYNE INC,Information Technology,Equity,"4,45,98,355.20",0.09,"4,45,98,355.20","1,10,611.00",403.2,United States,NASDAQ
CIEN,CIENA CORP,Information Technology,Equity,"4,43,09,004.96",0.09,"4,43,09,004.96","99,352.00",445.98,United States,NYSE
HCA,HCA HEALTHCARE INC,Health Care,Equity,"4,42,92,230.46",0.09,"4,42,92,230.46","1,14,397.00",387.18,United States,NYSE
WBD,WARNER BROS. DISCOVERY INC SERIES,Communication,Equity,"4,42,81,005.94",0.09,"4,42,81,005.94","16,41,253.00",26.98,United States,NASDAQ
APD,AIR PRODUCTS AND CHEMICALS INC,Materials,Equity,"4,41,28,164.28",0.09,"4,41,28,164.28","1,56,694.00",281.62,United States,NYSE
BKR,BAKER HUGHES CLASS A,Energy,Equity,"4,40,66,100.54",0.09,"4,40,66,100.54","6,97,911.00",63.14,United States,NASDAQ
REGN,REGENERON PHARMACEUTICALS INC,Health Care,Equity,"4,38,41,466.80",0.09,"4,38,41,466.80","71,620.00",612.14,United States,NASDAQ
KMI,KINDER MORGAN INC,Energy,Equity,"4,36,99,158.16",0.09,"4,36,99,158.16","13,68,164.00",31.94,United States,NYSE
TGT,TARGET CORP,Consumer Staples,Equity,"4,32,91,044.67",0.09,"4,32,91,044.67","3,20,129.00",135.23,United States,NYSE
NUE,NUCOR CORP,Materials,Equity,"4,32,08,096.05",0.09,"4,32,08,096.05","1,62,223.00",266.35,United States,NYSE
PCAR,PACCAR INC,Industrials,Equity,"4,30,75,738.44",0.09,"4,30,75,738.44","3,63,447.00",118.52,United States,NASDAQ
CTAS,CINTAS CORP,Industrials,Equity,"4,26,43,365.96",0.09,"4,26,43,365.96","2,41,907.00",176.28,United States,NASDAQ
USD,USD CASH,Cash and/or Derivatives,Cash,"4,25,48,589.29",0.09,"4,25,48,589.29","4,25,48,589.00",100,United States,--
KEYS,KEYSIGHT TECHNOLOGIES INC,Information Technology,Equity,"4,25,44,687.08",0.09,"4,25,44,687.08","1,21,324.00",350.67,United States,NYSE
SRE,SEMPRA,Utilities,Equity,"4,24,05,870.65",0.09,"4,24,05,870.65","4,59,485.00",92.29,United States,NYSE
F,FORD MOTOR CO,Consumer Discretionary,Equity,"4,08,64,121.48",0.09,"4,08,64,121.48","27,53,647.00",14.84,United States,NYSE
D,DOMINION ENERGY INC,Utilities,Equity,"4,08,32,585.25",0.09,"4,08,32,585.25","6,01,275.00",67.91,United States,NYSE
TRGP,TARGA RESOURCES CORP,Energy,Equity,"4,06,63,469.40",0.08,"4,06,63,469.40","1,49,169.00",272.6,United States,NYSE
ALL,ALLSTATE CORP,Financials,Equity,"4,06,40,736.36",0.08,"4,06,40,736.36","1,83,372.00",221.63,United States,NYSE
O,REALTY INCOME REIT CORP,Real Estate,Equity,"4,05,94,516.48",0.08,"4,05,94,516.48","6,47,234.00",62.72,United States,NYSE
LHX,L3HARRIS TECHNOLOGIES INC,Industrials,Equity,"4,05,90,114.04",0.08,"4,05,90,114.04","1,31,876.00",307.79,United States,NYSE
GWW,WW GRAINGER INC,Industrials,Equity,"4,03,97,209.00",0.08,"4,03,97,209.00","30,700.00","1,315.87",United States,NYSE
OKE,ONEOK INC,Energy,Equity,"3,99,57,256.02",0.08,"3,99,57,256.02","4,41,078.00",90.59,United States,NYSE
APO,APOLLO GLOBAL MANAGEMENT INC,Financials,Equity,"3,97,22,999.28",0.08,"3,97,22,999.28","2,96,706.00",133.88,United States,NYSE
FLEX,FLEX LTD,Information Technology,Equity,"3,91,89,137.57",0.08,"3,91,89,137.57","2,61,767.00",149.71,United States,NASDAQ
AJG,ARTHUR J GALLAGHER,Financials,Equity,"3,90,44,256.53",0.08,"3,90,44,256.53","1,78,537.00",218.69,United States,NYSE
AFL,AFLAC INC,Financials,Equity,"3,89,99,103.60",0.08,"3,89,99,103.60","3,31,062.00",117.8,United States,NYSE
ABNB,AIRBNB INC CLASS A,Consumer Discretionary,Equity,"3,88,69,948.88",0.08,"3,88,69,948.88","2,93,846.00",132.28,United States,NASDAQ
DASH,DOORDASH INC CLASS A,Consumer Discretionary,Equity,"3,87,29,025.42",0.08,"3,87,29,025.42","2,57,199.00",150.58,United States,NASDAQ
CARR,CARRIER GLOBAL CORP,Industrials,Equity,"3,85,47,604.99",0.08,"3,85,47,604.99","5,51,389.00",69.91,United States,NYSE
DAL,DELTA AIR LINES INC,Industrials,Equity,"3,81,41,318.12",0.08,"3,81,41,318.12","4,59,202.00",83.06,United States,NYSE
CAH,CARDINAL HEALTH INC,Health Care,Equity,"3,77,03,503.20",0.08,"3,77,03,503.20","1,68,432.00",223.85,United States,NYSE
FAST,FASTENAL,Industrials,Equity,"3,76,66,654.26",0.08,"3,76,66,654.26","8,08,818.00",46.57,United States,NASDAQ
NKE,NIKE INC CLASS B,Consumer Discretionary,Equity,"3,69,84,444.01",0.08,"3,69,84,444.01","8,23,157.00",44.93,United States,NYSE
AME,AMETEK INC,Industrials,Equity,"3,68,52,264.08",0.08,"3,68,52,264.08","1,62,259.00",227.12,United States,NYSE
ROK,ROCKWELL AUTOMATION INC,Industrials,Equity,"3,67,35,716.50",0.08,"3,67,35,716.50","79,975.00",459.34,United States,NYSE
AZO,AUTOZONE INC,Consumer Discretionary,Equity,"3,66,00,943.50",0.08,"3,66,00,943.50","11,745.00","3,116.30",United States,NYSE
DVN,DEVON ENERGY CORP,Energy,Equity,"3,64,10,073.87",0.08,"3,64,10,073.87","8,03,577.00",45.31,United States,NYSE
COR,CENCORA INC,Health Care,Equity,"3,62,77,687.65",0.08,"3,62,77,687.65","1,28,795.00",281.67,United States,NYSE
CTVA,CORTEVA INC,Materials,Equity,"3,62,54,365.56",0.08,"3,62,54,365.56","4,76,154.00",76.14,United States,NYSE
PSA,PUBLIC STORAGE REIT,Real Estate,Equity,"3,61,89,118.20",0.08,"3,61,89,118.20","1,11,030.00",325.94,United States,NYSE
LNG,CHENIERE ENERGY INC,Energy,Equity,"3,61,18,650.88",0.08,"3,61,18,650.88","1,49,696.00",241.28,United States,NYSE
EA,ELECTRONIC ARTS INC,Communication,Equity,"3,60,72,497.47",0.08,"3,60,72,497.47","1,77,461.00",203.27,United States,NASDAQ
MCHP,MICROCHIP TECHNOLOGY INC,Information Technology,Equity,"3,54,65,947.40",0.07,"3,54,65,947.40","3,72,385.00",95.24,United States,NASDAQ
RKLB,ROCKET LAB CORP,Industrials,Equity,"3,54,23,049.18",0.07,"3,54,23,049.18","3,45,962.00",102.39,United States,NASDAQ
VST,VISTRA CORP,Utilities,Equity,"3,52,25,947.62",0.07,"3,52,25,947.62","2,37,981.00",148.02,United States,NYSE
ETR,ENTERGY CORP,Utilities,Equity,"3,50,31,538.57",0.07,"3,50,31,538.57","3,15,287.00",111.11,United States,NYSE
MET,METLIFE INC,Financials,Equity,"3,49,36,951.88",0.07,"3,49,36,951.88","3,93,257.00",88.84,United States,NYSE
FITB,FIFTH THIRD BANCORP,Financials,Equity,"3,49,39,960.38",0.07,"3,49,39,960.38","6,38,406.00",54.73,United States,NYSE
EW,EDWARDS LIFESCIENCES CORP,Health Care,Equity,"3,45,23,594.85",0.07,"3,45,23,594.85","4,05,635.00",85.11,United States,NYSE
EBAY,EBAY INC,Consumer Discretionary,Equity,"3,44,58,260.26",0.07,"3,44,58,260.26","3,17,266.00",108.61,United States,NASDAQ
ON,ON SEMICONDUCTOR CORP,Information Technology,Equity,"3,35,09,970.75",0.07,"3,35,09,970.75","2,86,925.00",116.79,United States,NASDAQ
ALAB,ASTERA LABS INC,Information Technology,Equity,"3,33,78,340.80",0.07,"3,33,78,340.80","90,912.00",367.15,United States,NASDAQ
XEL,XCEL ENERGY INC,Utilities,Equity,"3,31,12,217.16",0.07,"3,31,12,217.16","4,17,978.00",79.22,United States,NASDAQ
EXC,EXELON CORP,Utilities,Equity,"3,29,35,160.88",0.07,"3,29,35,160.88","7,12,728.00",46.21,United States,NASDAQ
STT,STATE STREET CORP,Financials,Equity,"3,27,99,826.84",0.07,"3,27,99,826.84","1,95,668.00",167.63,United States,NYSE
HUM,HUMANA INC,Health Care,Equity,"3,23,56,946.50",0.07,"3,23,56,946.50","85,325.00",379.22,United States,NYSE
ODFL,OLD DOMINION FREIGHT LINE INC,Industrials,Equity,"3,20,49,732.00",0.07,"3,20,49,732.00","1,30,416.00",245.75,United States,NASDAQ
WAB,WESTINGHOUSE AIR BRAKE TECHNOLOGIE,Industrials,Equity,"3,17,43,909.60",0.07,"3,17,43,909.60","1,19,698.00",265.2,United States,NYSE
IDXX,IDEXX LABORATORIES INC,Health Care,Equity,"3,13,54,313.76",0.07,"3,13,54,313.76","55,902.00",560.88,United States,NASDAQ
FERG,FERGUSON ENTERPRISES INC,Industrials,Equity,"3,08,56,258.88",0.06,"3,08,56,258.88","1,34,111.00",230.08,United States,NYSE
AU,ANGLOGOLD ASHANTI PLC,Materials,Equity,"3,06,84,310.20",0.06,"3,06,84,310.20","3,55,554.00",86.3,South Africa,NYSE
CVNA,CARVANA CLASS A,Consumer Discretionary,Equity,"3,04,37,372.20",0.06,"3,04,37,372.20","4,74,842.00",64.1,United States,NYSE
YUM,YUM BRANDS INC,Consumer Discretionary,Equity,"3,03,33,179.63",0.06,"3,03,33,179.63","1,96,573.00",154.31,United States,NYSE
AMP,AMERIPRISE FINANCE INC,Financials,Equity,"3,02,89,724.36",0.06,"3,02,89,724.36","65,972.00",459.13,United States,NYSE
MSCI,MSCI INC,Financials,Equity,"3,00,79,418.72",0.06,"3,00,79,418.72","50,206.00",599.12,United States,NYSE
RSG,REPUBLIC SERVICES INC,Industrials,Equity,"2,99,82,075.03",0.06,"2,99,82,075.03","1,42,833.00",209.91,United States,NYSE
CMG,CHIPOTLE MEXICAN GRILL INC,Consumer Discretionary,Equity,"2,98,01,952.95",0.06,"2,98,01,952.95","9,24,665.00",32.23,United States,NYSE
ADSK,AUTODESK INC,Information Technology,Equity,"2,97,52,197.34",0.06,"2,97,52,197.34","1,49,938.00",198.43,United States,NASDAQ
BDX,BECTON DICKINSON,Health Care,Equity,"2,95,18,251.52",0.06,"2,95,18,251.52","2,01,848.00",146.24,United States,NYSE
KDP,KEURIG DR PEPPER INC,Consumer Staples,Equity,"2,90,37,132.39",0.06,"2,90,37,132.39","9,15,709.00",31.71,United States,NASDAQ
AIG,AMERICAN INTERNATIONAL GROUP INC,Financials,Equity,"2,87,35,680.26",0.06,"2,87,35,680.26","3,79,399.00",75.74,United States,NYSE
NU,NU HOLDINGS CLASS A,Financials,Equity,"2,85,85,537.81",0.06,"2,85,85,537.81","23,44,999.00",12.19,Brazil,NYSE
DHI,D R HORTON INC,Consumer Discretionary,Equity,"2,84,64,121.16",0.06,"2,84,64,121.16","1,84,724.00",154.09,United States,NYSE
JBL,JABIL INC,Information Technology,Equity,"2,84,03,564.20",0.06,"2,84,03,564.20","73,810.00",384.82,United States,NYSE
NDAQ,NASDAQ INC,Financials,Equity,"2,82,94,750.20",0.06,"2,82,94,750.20","3,17,990.00",88.98,United States,NASDAQ
CCI,CROWN CASTLE INC,Real Estate,Equity,"2,82,43,169.28",0.06,"2,82,43,169.28","3,06,458.00",92.16,United States,NYSE
OXY,OCCIDENTAL PETROLEUM CORP,Energy,Equity,"2,82,04,017.82",0.06,"2,82,04,017.82","4,98,833.00",56.54,United States,NYSE
CBRE,CBRE GROUP INC CLASS A,Real Estate,Equity,"2,79,97,022.37",0.06,"2,79,97,022.37","2,09,857.00",133.41,United States,NYSE
PEG,PUBLIC SERVICE ENTERPRISE GROUP IN,Utilities,Equity,"2,79,66,570.60",0.06,"2,79,66,570.60","3,50,898.00",79.7,United States,NYSE
VTR,VENTAS REIT INC,Real Estate,Equity,"2,78,23,501.80",0.06,"2,78,23,501.80","3,28,883.00",84.6,United States,NYSE
PYPL,PAYPAL HOLDINGS INC,Financials,Equity,"2,75,40,577.97",0.06,"2,75,40,577.97","6,63,149.00",41.53,United States,NASDAQ
ED,CONSOLIDATED EDISON INC,Utilities,Equity,"2,73,94,942.06",0.06,"2,73,94,942.06","2,54,269.00",107.74,United States,NYSE
GRMN,GARMIN LTD,Consumer Discretionary,Equity,"2,73,80,547.60",0.06,"2,73,80,547.60","1,14,996.00",238.1,United States,NYSE
IBKR,INTERACTIVE BROKERS GROUP INC CLAS,Financials,Equity,"2,72,99,847.06",0.06,"2,72,99,847.06","3,00,626.00",90.81,United States,NASDAQ
TTWO,TAKE TWO INTERACTIVE SOFTWARE INC,Communication,Equity,"2,72,76,788.00",0.06,"2,72,76,788.00","1,28,816.00",211.75,United States,NASDAQ
MSTR,STRATEGY INC CLASS A,Information Technology,Equity,"2,71,93,935.23",0.06,"2,71,93,935.23","2,19,359.00",123.97,United States,NASDAQ
STLD,STEEL DYNAMICS INC,Materials,Equity,"2,71,60,229.04",0.06,"2,71,60,229.04","96,054.00",282.76,United States,NASDAQ
ADM,ARCHER DANIELS MIDLAND,Consumer Staples,Equity,"2,69,56,547.76",0.06,"2,69,56,547.76","3,35,949.00",80.24,United States,NYSE
PRU,PRUDENTIAL FINANCIAL INC,Financials,Equity,"2,67,96,896.00",0.06,"2,67,96,896.00","2,46,976.00",108.5,United States,NYSE
SYY,SYSCO CORP,Consumer Staples,Equity,"2,66,58,284.03",0.06,"2,66,58,284.03","3,36,637.00",79.19,United States,NYSE
UAL,UNITED AIRLINES HOLDINGS INC,Industrials,Equity,"2,66,16,847.68",0.06,"2,66,16,847.68","2,30,409.00",115.52,United States,NASDAQ
VMC,VULCAN MATERIALS,Materials,Equity,"2,65,97,593.62",0.06,"2,65,97,593.62","92,846.00",286.47,United States,NYSE
FANG,DIAMONDBACK ENERGY INC,Energy,Equity,"2,65,84,643.84",0.06,"2,65,84,643.84","1,38,368.00",192.13,United States,NASDAQ
KR,KROGER,Consumer Staples,Equity,"2,64,32,028.99",0.06,"2,64,32,028.99","4,08,469.00",64.71,United States,NYSE
IRM,IRON MOUNTAIN INC,Real Estate,Equity,"2,63,79,269.56",0.06,"2,63,79,269.56","2,07,319.00",127.24,United States,NYSE
XYZ,BLOCK INC CLASS A,Financials,Equity,"2,63,66,919.92",0.06,"2,63,66,919.92","3,79,271.00",69.52,United States,NYSE
CCL,CARNIVAL CORP LTD,Consumer Discretionary,Equity,"2,62,51,553.56",0.05,"2,62,51,553.56","8,99,642.00",29.18,United States,NYSE
PCG,PG&E CORP,Utilities,Equity,"2,62,37,294.85",0.05,"2,62,37,294.85","15,47,923.00",16.95,United States,NYSE
A,AGILENT TECHNOLOGIES INC,Health Care,Equity,"2,61,65,876.16",0.05,"2,61,65,876.16","2,01,524.00",129.84,United States,NYSE
WEC,WEC ENERGY GROUP INC,Utilities,Equity,"2,59,40,665.12",0.05,"2,59,40,665.12","2,28,673.00",113.44,United States,NYSE
EME,EMCOR GROUP INC,Industrials,Equity,"2,57,33,481.30",0.05,"2,57,33,481.30","31,266.00",823.05,United States,NYSE
HIG,HARTFORD INSURANCE GROUP INC,Financials,Equity,"2,55,18,678.26",0.05,"2,55,18,678.26","1,96,873.00",129.62,United States,NYSE
ALNY,ALNYLAM PHARMACEUTICALS INC,Health Care,Equity,"2,54,08,415.50",0.05,"2,54,08,415.50","89,830.00",282.85,United States,NASDAQ
ROP,ROPER TECHNOLOGIES INC,Information Technology,Equity,"2,52,98,609.25",0.05,"2,52,98,609.25","75,525.00",334.97,United States,NASDAQ
MTB,M&T BANK CORP,Financials,Equity,"2,50,19,852.00",0.05,"2,50,19,852.00","1,07,900.00",231.88,United States,NYSE
COIN,COINBASE GLOBAL INC CLASS A,Financials,Equity,"2,50,12,120.98",0.05,"2,50,12,120.98","1,56,541.00",159.78,United States,NASDAQ
HBAN,HUNTINGTON BANCSHARES INC,Financials,Equity,"2,47,16,550.24",0.05,"2,47,16,550.24","14,10,762.00",17.52,United States,NASDAQ
WAT,WATERS CORP,Health Care,Equity,"2,46,99,024.63",0.05,"2,46,99,024.63","69,471.00",355.53,United States,NYSE
ZTS,ZOETIS INC CLASS A,Health Care,Equity,"2,46,79,669.91",0.05,"2,46,79,669.91","3,10,163.00",79.57,United States,NYSE
MLM,MARTIN MARIETTA MATERIALS INC,Materials,Equity,"2,44,41,842.88",0.05,"2,44,41,842.88","42,336.00",577.33,United States,NYSE
KVUE,KENVUE INC,Consumer Staples,Equity,"2,43,80,450.24",0.05,"2,43,80,450.24","13,44,016.00",18.14,United States,NYSE
KMB,KIMBERLY CLARK CORP,Consumer Staples,Equity,"2,40,67,200.36",0.05,"2,40,67,200.36","2,35,284.00",102.29,United States,NASDAQ
AXON,AXON ENTERPRISE INC,Industrials,Equity,"2,34,80,158.15",0.05,"2,34,80,158.15","53,155.00",441.73,United States,NASDAQ
HAL,HALLIBURTON,Energy,Equity,"2,33,40,438.00",0.05,"2,33,40,438.00","5,89,405.00",39.6,United States,NYSE
NTRS,NORTHERN TRUST CORP,Financials,Equity,"2,32,38,998.98",0.05,"2,32,38,998.98","1,33,297.00",174.34,United States,NASDAQ
CASY,CASEYS GENERAL STORES INC,Consumer Staples,Equity,"2,32,32,463.56",0.05,"2,32,32,463.56","25,954.00",895.14,United States,NASDAQ
PAYX,PAYCHEX INC,Industrials,Equity,"2,29,61,854.03",0.05,"2,29,61,854.03","2,28,181.00",100.63,United States,NASDAQ
ACGL,ARCH CAPITAL GROUP LTD,Financials,Equity,"2,29,63,946.44",0.05,"2,29,63,946.44","2,50,534.00",91.66,United States,NASDAQ
NTAP,NETAPP INC,Information Technology,Equity,"2,26,39,783.29",0.05,"2,26,39,783.29","1,40,089.00",161.61,United States,NASDAQ
CNC,CENTENE CORP,Health Care,Equity,"2,25,37,682.37",0.05,"2,25,37,682.37","3,45,723.00",65.19,United States,NYSE
EXR,EXTRA SPACE STORAGE REIT INC,Real Estate,Equity,"2,24,31,117.00",0.05,"2,24,31,117.00","1,48,945.00",150.6,United States,NYSE
Q,QNITY ELECTRONICS INC,Information Technology,Equity,"2,20,97,643.30",0.05,"2,20,97,643.30","1,46,682.00",150.65,United States,NYSE
EQT,EQT CORP,Energy,Equity,"2,20,16,690.78",0.05,"2,20,16,690.78","4,23,887.00",51.94,United States,NYSE
VICI,VICI PPTYS INC,Real Estate,Equity,"2,18,30,634.00",0.05,"2,18,30,634.00","7,65,450.00",28.52,United States,NYSE
CBOE,CBOE GLOBAL MARKETS INC,Financials,Equity,"2,16,46,099.09",0.05,"2,16,46,099.09","73,399.00",294.91,United States,Cboe BZX
IQV,IQVIA HOLDINGS INC,Health Care,Equity,"2,14,87,041.52",0.04,"2,14,87,041.52","1,18,412.00",181.46,United States,NYSE
DTE,DTE ENERGY,Utilities,Equity,"2,14,60,666.50",0.04,"2,14,60,666.50","1,45,575.00",147.42,United States,NYSE
TPR,TAPESTRY INC,Consumer Discretionary,Equity,"2,13,36,096.60",0.04,"2,13,36,096.60","1,44,730.00",147.42,United States,NYSE
GEHC,GE HEALTHCARE TECHNOLOGIES INC,Health Care,Equity,"2,10,34,042.26",0.04,"2,10,34,042.26","3,22,707.00",65.18,United States,NASDAQ
DOV,DOVER CORP,Industrials,Equity,"2,08,60,669.06",0.04,"2,08,60,669.06","95,942.00",217.43,United States,NYSE
AEE,AMEREN CORP,Utilities,Equity,"2,08,50,283.00",0.04,"2,08,50,283.00","1,91,287.00",109,United States,NYSE
DXCM,DEXCOM INC,Health Care,Equity,"2,06,86,803.90",0.04,"2,06,86,803.90","2,74,470.00",75.37,United States,NASDAQ
IR,INGERSOLL RAND INC,Industrials,Equity,"2,06,62,058.00",0.04,"2,06,62,058.00","2,79,217.00",74,United States,NYSE
BIIB,BIOGEN INC,Health Care,Equity,"2,05,92,746.90",0.04,"2,05,92,746.90","1,02,938.00",200.05,United States,NASDAQ
TDY,TELEDYNE TECHNOLOGIES INC,Information Technology,Equity,"2,05,79,781.48",0.04,"2,05,79,781.48","32,874.00",626.02,United States,NYSE
CFG,CITIZENS FINANCIAL GROUP INC,Financials,Equity,"2,05,50,243.45",0.04,"2,05,50,243.45","3,03,773.00",67.65,United States,NYSE
FISV,FISERV INC,Financials,Equity,"2,04,40,057.04",0.04,"2,04,40,057.04","3,80,068.00",53.78,United States,NASDAQ
FTI,TECHNIPFMC PLC,Energy,Equity,"2,02,07,501.03",0.04,"2,02,07,501.03","2,85,457.00",70.79,United States,NYSE
TWLO,TWILIO INC CLASS A,Information Technology,Equity,"2,01,89,430.32",0.04,"2,01,89,430.32","98,929.00",204.08,United States,NYSE
RMD,RESMED INC,Health Care,Equity,"1,99,98,646.94",0.04,"1,99,98,646.94","1,02,673.00",194.78,United States,NYSE
WDAY,WORKDAY INC CLASS A,Information Technology,Equity,"1,98,50,600.40",0.04,"1,98,50,600.40","1,51,763.00",130.8,United States,NASDAQ
CNP,CENTERPOINT ENERGY INC,Utilities,Equity,"1,97,51,460.30",0.04,"1,97,51,460.30","4,60,407.00",42.9,United States,NYSE
NTRA,NATERA INC,Health Care,Equity,"1,97,13,815.13",0.04,"1,97,13,815.13","92,959.00",212.07,United States,NASDAQ
CW,CURTISS WRIGHT CORP,Industrials,Equity,"1,96,00,364.00",0.04,"1,96,00,364.00","25,858.00",758,United States,NYSE
OTIS,OTIS WORLDWIDE CORP,Industrials,Equity,"1,95,64,285.25",0.04,"1,95,64,285.25","2,76,527.00",70.75,United States,NYSE
EIX,EDISON INTERNATIONAL,Utilities,Equity,"1,94,96,689.95",0.04,"1,94,96,689.95","2,67,261.00",72.95,United States,NYSE
RVMD,REVOLUTION MEDICINES INC,Health Care,Equity,"1,94,64,555.00",0.04,"1,94,64,555.00","1,26,500.00",153.87,United States,NASDAQ
FICO,FAIR ISAAC CORP,Information Technology,Equity,"1,93,64,658.18",0.04,"1,93,64,658.18","16,422.00","1,179.19",United States,NYSE
RJF,RAYMOND JAMES INC,Financials,Equity,"1,93,35,048.80",0.04,"1,93,35,048.80","1,25,227.00",154.4,United States,NYSE
LYV,LIVE NATION ENTERTAINMENT INC,Communication,Equity,"1,92,40,730.34",0.04,"1,92,40,730.34","1,11,534.00",172.51,United States,NYSE
ATO,ATMOS ENERGY CORP,Utilities,Equity,"1,91,13,531.64",0.04,"1,91,13,531.64","1,12,459.00",169.96,United States,NYSE
CPRT,COPART INC,Industrials,Equity,"1,90,42,614.00",0.04,"1,90,42,614.00","6,19,272.00",30.75,United States,NASDAQ
FSLR,FIRST SOLAR INC,Information Technology,Equity,"1,89,87,563.92",0.04,"1,89,87,563.92","71,032.00",267.31,United States,NASDAQ
PPG,PPG INDUSTRIES INC,Materials,Equity,"1,89,81,743.04",0.04,"1,89,81,743.04","1,59,056.00",119.34,United States,NYSE
MDB,MONGODB INC CLASS A,Information Technology,Equity,"1,89,25,988.00",0.04,"1,89,25,988.00","55,210.00",342.8,United States,NASDAQ
CRS,CARPENTER TECHNOLOGY CORP,Industrials,Equity,"1,89,17,159.59",0.04,"1,89,17,159.59","33,691.00",561.49,United States,NYSE
RBLX,ROBLOX CORP CLASS A,Communication,Equity,"1,88,69,214.18",0.04,"1,88,69,214.18","4,35,678.00",43.31,United States,NYSE
XYL,XYLEM INC,Industrials,Equity,"1,88,61,107.20",0.04,"1,88,61,107.20","1,71,340.00",110.08,United States,NYSE
ATI,ATI INC,Industrials,Equity,"1,87,76,009.52",0.04,"1,87,76,009.52","94,599.00",198.48,United States,NYSE
AVB,AVALONBAY COMMUNITIES REIT INC,Real Estate,Equity,"1,86,11,916.39",0.04,"1,86,11,916.39","99,513.00",187.03,United States,NYSE
PPL,PPL CORP,Utilities,Equity,"1,85,80,302.15",0.04,"1,85,80,302.15","5,18,279.00",35.85,United States,NYSE
HSY,HERSHEY FOODS,Consumer Staples,Equity,"1,85,68,376.90",0.04,"1,85,68,376.90","1,02,215.00",181.66,United States,NYSE
NVT,NVENT ELECTRIC PLC,Industrials,Equity,"1,85,50,696.56",0.04,"1,85,50,696.56","1,11,859.00",165.84,United States,NYSE
WSM,WILLIAMS SONOMA INC,Consumer Discretionary,Equity,"1,85,25,877.50",0.04,"1,85,25,877.50","82,875.00",223.54,United States,NYSE
EXPE,EXPEDIA GROUP INC,Consumer Discretionary,Equity,"1,85,07,097.66",0.04,"1,85,07,097.66","82,294.00",224.89,United States,NASDAQ
CINF,CINCINNATI FINANCIAL CORP,Financials,Equity,"1,83,42,655.30",0.04,"1,83,42,655.30","1,08,530.00",169.01,United States,NASDAQ
FE,FIRSTENERGY CORP,Utilities,Equity,"1,82,85,452.12",0.04,"1,82,85,452.12","3,88,804.00",47.03,United States,NYSE
ES,EVERSOURCE ENERGY,Utilities,Equity,"1,81,78,602.43",0.04,"1,81,78,602.43","2,64,647.00",68.69,United States,NYSE
XPO,XPO INC,Industrials,Equity,"1,81,66,619.79",0.04,"1,81,66,619.79","79,563.00",228.33,United States,NYSE
NRG,NRG ENERGY INC,Utilities,Equity,"1,80,67,052.65",0.04,"1,80,67,052.65","1,43,995.00",125.47,United States,NYSE
HUBB,HUBBELL INC,Industrials,Equity,"1,80,56,962.96",0.04,"1,80,56,962.96","37,864.00",476.89,United States,NYSE
VRSK,VERISK ANALYTICS INC,Industrials,Equity,"1,79,76,559.00",0.04,"1,79,76,559.00","97,805.00",183.8,United States,NASDAQ
QSR,RESTAURANTS BRANDS INTERNATIONAL I,Consumer Discretionary,Equity,"1,79,53,371.30",0.04,"1,79,53,371.30","2,39,858.00",74.85,Canada,NYSE
SYF,SYNCHRONY FINANCIAL,Financials,Equity,"1,79,20,087.36",0.04,"1,79,20,087.36","2,44,276.00",73.36,United States,NYSE
EQR,EQUITY RESIDENTIAL REIT,Real Estate,Equity,"1,78,95,066.28",0.04,"1,78,95,066.28","2,65,742.00",67.34,United States,NYSE
RF,REGIONS FINANCIAL CORP,Financials,Equity,"1,78,60,173.49",0.04,"1,78,60,173.49","6,10,187.00",29.27,United States,NYSE
ARES,ARES MANAGEMENT CORP CLASS A,Financials,Equity,"1,77,74,154.20",0.04,"1,77,74,154.20","1,31,758.00",134.9,United States,NYSE
DG,DOLLAR GENERAL CORP,Consumer Staples,Equity,"1,77,47,161.60",0.04,"1,77,47,161.60","1,54,592.00",114.8,United States,NYSE
CTSH,COGNIZANT TECHNOLOGY SOLUTIONS COR,Information Technology,Equity,"1,77,12,080.19",0.04,"1,77,12,080.19","3,39,507.00",52.17,United States,NASDAQ
MTSI,MACOM TECHNOLOGY SOLUTIONS INC,Information Technology,Equity,"1,76,95,484.21",0.04,"1,76,95,484.21","46,583.00",379.87,United States,NASDAQ
TROW,T ROWE PRICE GROUP INC,Financials,Equity,"1,76,84,712.72",0.04,"1,76,84,712.72","1,61,298.00",109.64,United States,NASDAQ
WTW,WILLIS TOWERS WATSON PLC,Financials,Equity,"1,76,67,120.10",0.04,"1,76,67,120.10","67,270.00",262.63,United States,NASDAQ
ZM,ZOOM COMMUNICATIONS INC CLASS A,Information Technology,Equity,"1,75,63,220.08",0.04,"1,75,63,220.08","1,87,481.00",93.68,United States,NASDAQ
FTAI,FTAI AVIATION LTD,Industrials,Equity,"1,74,74,351.20",0.04,"1,74,74,351.20","72,220.00",241.96,United States,NASDAQ
ILMN,ILLUMINA INC,Health Care,Equity,"1,73,58,360.92",0.04,"1,73,58,360.92","1,07,836.00",160.97,United States,NASDAQ
OMC,OMNICOM GROUP INC,Communication,Equity,"1,72,78,304.40",0.04,"1,72,78,304.40","2,25,330.00",76.68,United States,NYSE
AWK,AMERICAN WATER WORKS INC,Utilities,Equity,"1,72,33,736.40",0.04,"1,72,33,736.40","1,36,440.00",126.31,United States,NYSE
DRI,DARDEN RESTAURANTS INC,Consumer Discretionary,Equity,"1,72,03,930.38",0.04,"1,72,03,930.38","81,354.00",211.47,United States,NYSE
CPAY,CORPAY INC,Financials,Equity,"1,70,71,557.29",0.04,"1,70,71,557.29","47,939.00",356.11,United States,NYSE
MKSI,MKS,Information Technology,Equity,"1,69,86,331.64",0.04,"1,69,86,331.64","47,756.00",355.69,United States,NASDAQ
PHM,PULTEGROUP INC,Consumer Discretionary,Equity,"1,69,79,477.18",0.04,"1,69,79,477.18","1,37,854.00",123.17,United States,NYSE
PFG,PRINCIPAL FINANCIAL GROUP INC,Financials,Equity,"1,69,56,037.88",0.04,"1,69,56,037.88","1,52,599.00",111.11,United States,NASDAQ
DOW,DOW INC,Materials,Equity,"1,69,21,174.95",0.04,"1,69,21,174.95","4,99,887.00",33.85,United States,NYSE
VEEV,VEEVA SYSTEMS INC CLASS A,Health Care,Equity,"1,67,45,318.40",0.03,"1,67,45,318.40","1,04,960.00",159.54,United States,NYSE
LPLA,LPL FINANCIAL HOLDINGS INC,Financials,Equity,"1,66,16,092.00",0.03,"1,66,16,092.00","56,200.00",295.66,United States,NASDAQ
HPQ,HP INC,Information Technology,Equity,"1,66,11,781.72",0.03,"1,66,11,781.72","6,58,153.00",25.24,United States,NYSE
MTD,METTLER TOLEDO INC,Health Care,Equity,"1,65,48,041.25",0.03,"1,65,48,041.25","14,625.00","1,131.49",United States,NYSE
VRSN,VERISIGN INC,Information Technology,Equity,"1,65,24,425.71",0.03,"1,65,24,425.71","59,039.00",279.89,United States,NASDAQ
CHD,CHURCH AND DWIGHT INC,Consumer Staples,Equity,"1,64,68,810.92",0.03,"1,64,68,810.92","1,68,807.00",97.56,United States,NYSE
WST,WEST PHARMACEUTICAL SERVICES INC,Health Care,Equity,"1,64,24,887.82",0.03,"1,64,24,887.82","49,951.00",328.82,United States,NYSE
UTHR,UNITED THERAPEUTICS CORP,Health Care,Equity,"1,62,40,126.16",0.03,"1,62,40,126.16","29,746.00",545.96,United States,NASDAQ
WWD,WOODWARD INC,Industrials,Equity,"1,61,90,833.05",0.03,"1,61,90,833.05","41,853.00",386.85,United States,NASDAQ
MKL,MARKEL GROUP INC,Financials,Equity,"1,60,43,586.00",0.03,"1,60,43,586.00","8,691.00","1,846.00",United States,NYSE
CHRW,CH ROBINSON WORLDWIDE INC,Industrials,Equity,"1,60,29,466.38",0.03,"1,60,29,466.38","82,737.00",193.74,United States,NASDAQ
DGX,QUEST DIAGNOSTICS INC,Health Care,Equity,"1,60,23,261.54",0.03,"1,60,23,261.54","78,909.00",203.06,United States,NYSE
FFIV,F5 INC,Information Technology,Equity,"1,60,08,033.28",0.03,"1,60,08,033.28","40,408.00",396.16,United States,NASDAQ
EXPD,EXPEDITORS INTERNATIONAL OF WASHIN,Industrials,Equity,"1,59,76,858.56",0.03,"1,59,76,858.56","95,888.00",166.62,United States,NYSE
NI,NISOURCE INC,Utilities,Equity,"1,58,47,311.17",0.03,"1,58,47,311.17","3,35,677.00",47.21,United States,NYSE
ENTG,ENTEGRIS INC,Information Technology,Equity,"1,58,42,832.08",0.03,"1,58,42,832.08","1,05,254.00",150.52,United States,NASDAQ
P,EVERPURE INC CLASS A,Information Technology,Equity,"1,58,30,322.13",0.03,"1,58,30,322.13","2,18,923.00",72.31,United States,NYSE
JBHT,JB HUNT TRANSPORT SERVICES INC,Industrials,Equity,"1,58,02,817.68",0.03,"1,58,02,817.68","54,613.00",289.36,United States,NASDAQ
SW,SMURFIT WESTROCK PLC,Materials,Equity,"1,57,75,671.12",0.03,"1,57,75,671.12","3,64,166.00",43.32,United States,NYSE
MTZ,MASTEC INC,Industrials,Equity,"1,57,55,801.76",0.03,"1,57,55,801.76","43,408.00",362.97,United States,NYSE
CMS,CMS ENERGY CORP,Utilities,Equity,"1,56,96,674.49",0.03,"1,56,96,674.49","2,13,357.00",73.57,United States,NYSE
LH,LABCORP HOLDINGS INC,Health Care,Equity,"1,56,31,044.48",0.03,"1,56,31,044.48","58,728.00",266.16,United States,NYSE
SBAC,SBA COMMUNICATIONS REIT CORP CLASS,Real Estate,Equity,"1,55,31,068.81",0.03,"1,55,31,068.81","75,839.00",204.79,United States,NASDAQ
CPNG,COUPANG INC CLASS A,Consumer Discretionary,Equity,"1,54,55,679.34",0.03,"1,54,55,679.34","9,18,887.00",16.82,United States,NYSE
DLTR,DOLLAR TREE INC,Consumer Staples,Equity,"1,54,24,998.00",0.03,"1,54,24,998.00","1,35,307.00",114,United States,NASDAQ
EL,ESTEE LAUDER INC CLASS A,Consumer Staples,Equity,"1,54,27,381.36",0.03,"1,54,27,381.36","1,72,027.00",89.68,United States,NYSE
TPL,TEXAS PACIFIC LAND CORP,Energy,Equity,"1,53,51,917.56",0.03,"1,53,51,917.56","40,516.00",378.91,United States,NYSE
RS,RELIANCE STEEL & ALUMINUM,Materials,Equity,"1,52,57,220.72",0.03,"1,52,57,220.72","36,904.00",413.43,United States,NYSE
KEY,KEYCORP,Financials,Equity,"1,50,49,146.60",0.03,"1,50,49,146.60","6,62,958.00",22.7,United States,NYSE
BURL,BURLINGTON STORES INC,Consumer Discretionary,Equity,"1,50,41,394.90",0.03,"1,50,41,394.90","44,442.00",338.45,United States,NYSE
RPRX,ROYALTY PHARMA PLC CLASS A,Health Care,Equity,"1,50,14,681.67",0.03,"1,50,14,681.67","2,73,641.00",54.87,United States,NASDAQ
SNX,TD SYNNEX CORP,Information Technology,Equity,"1,50,08,320.05",0.03,"1,50,08,320.05","53,477.00",280.65,United States,NYSE
STZ,CONSTELLATION BRANDS INC CLASS A,Consumer Staples,Equity,"1,48,15,951.64",0.03,"1,48,15,951.64","99,764.00",148.51,United States,NYSE
ULTA,ULTA BEAUTY INC,Consumer Discretionary,Equity,"1,47,92,745.24",0.03,"1,47,92,745.24","31,626.00",467.74,United States,NASDAQ
RDDT,REDDIT INC CLASS A,Communication,Equity,"1,47,56,611.40",0.03,"1,47,56,611.40","91,034.00",162.1,United States,NYSE
LUV,SOUTHWEST AIRLINES,Industrials,Equity,"1,47,11,363.80",0.03,"1,47,11,363.80","3,23,540.00",45.47,United States,NYSE
USFD,US FOODS HOLDING CORP,Consumer Staples,Equity,"1,46,94,260.52",0.03,"1,46,94,260.52","1,57,461.00",93.32,United States,NYSE
FIS,FIDELITY NATIONAL INFORMATION SERV,Financials,Equity,"1,45,77,421.60",0.03,"1,45,77,421.60","3,71,873.00",39.2,United States,NYSE
KHC,KRAFT HEINZ,Consumer Staples,Equity,"1,45,71,342.09",0.03,"1,45,71,342.09","5,97,431.00",24.39,United States,NASDAQ
VLTO,VERALTO CORP,Industrials,Equity,"1,45,23,896.16",0.03,"1,45,23,896.16","1,74,231.00",83.36,United States,NYSE
INSM,INSMED INC,Health Care,Equity,"1,43,93,147.90",0.03,"1,43,93,147.90","1,47,094.00",97.85,United States,NASDAQ
STE,STERIS,Health Care,Equity,"1,42,36,955.52",0.03,"1,42,36,955.52","68,592.00",207.56,United States,NYSE
EXE,EXPAND ENERGY CORP,Energy,Equity,"1,41,75,680.16",0.03,"1,41,75,680.16","1,59,672.00",88.78,United States,NASDAQ
DD,DUPONT DE NEMOURS INC,Materials,Equity,"1,41,57,794.90",0.03,"1,41,57,794.90","2,93,365.00",48.26,United States,NYSE
SOFI,SOFI TECHNOLOGIES INC,Financials,Equity,"1,41,21,318.64",0.03,"1,41,21,318.64","8,51,708.00",16.58,United States,NASDAQ
PKG,PACKAGING CORP OF AMERICA,Materials,Equity,"1,41,04,614.00",0.03,"1,41,04,614.00","61,800.00",228.23,United States,NYSE
SNA,SNAP ON INC,Industrials,Equity,"1,40,81,798.16",0.03,"1,40,81,798.16","36,342.00",387.48,United States,NYSE
IFF,INTERNATIONAL FLAVORS & FRAGRANCES,Materials,Equity,"1,40,53,143.69",0.03,"1,40,53,143.69","1,79,547.00",78.27,United States,NYSE
EFX,EQUIFAX INC,Industrials,Equity,"1,40,31,420.39",0.03,"1,40,31,420.39","85,709.00",163.71,United States,NYSE
ALB,ALBEMARLE CORP,Materials,Equity,"1,40,05,967.70",0.03,"1,40,05,967.70","82,185.00",170.42,United States,NYSE
RBA,RB GLOBAL INC,Industrials,Equity,"1,39,18,711.60",0.03,"1,39,18,711.60","1,29,320.00",107.63,Canada,NYSE
LSCC,LATTICE SEMICONDUCTOR CORP,Information Technology,Equity,"1,38,63,751.19",0.03,"1,38,63,751.19","95,923.00",144.53,United States,NASDAQ
OKTA,OKTA INC CLASS A,Information Technology,Equity,"1,37,24,196.93",0.03,"1,37,24,196.93","1,18,017.00",116.29,United States,NASDAQ
VTRS,VIATRIS INC,Health Care,Equity,"1,35,41,220.48",0.03,"1,35,41,220.48","8,21,676.00",16.48,United States,NASDAQ
EVRG,EVERGY INC,Utilities,Equity,"1,35,30,036.00",0.03,"1,35,30,036.00","1,61,360.00",83.85,United States,NASDAQ
FTV,FORTIVE CORP,Industrials,Equity,"1,34,02,860.54",0.03,"1,34,02,860.54","2,22,861.00",60.14,United States,NYSE
AKAM,AKAMAI TECHNOLOGIES INC,Information Technology,Equity,"1,34,06,070.00",0.03,"1,34,06,070.00","1,00,420.00",133.5,United States,NASDAQ
FCNCA,FIRST CITIZENS BANCSHARES INC CLAS,Financials,Equity,"1,33,28,523.81",0.03,"1,33,28,523.81","6,321.00","2,108.61",United States,NASDAQ
IP,INTERNATIONAL PAPER,Materials,Equity,"1,33,24,817.70",0.03,"1,33,24,817.70","3,68,598.00",36.15,United States,NYSE
LNT,ALLIANT ENERGY CORP,Utilities,Equity,"1,31,83,706.97",0.03,"1,31,83,706.97","1,80,327.00",73.11,United States,NASDAQ
FDXF,FEDEX FREIGHT HOLDING COMPANY INC,Industrials,Equity,"1,31,85,816.76",0.03,"1,31,85,816.76","75,451.00",174.76,United States,NYSE
FWONK,LIBERTY MEDIA FORMULA ONE SERIES C,Communication,Equity,"1,31,20,910.06",0.03,"1,31,20,910.06","1,47,542.00",88.93,United States,NASDAQ
RBC,RBC BEARINGS INC,Industrials,Equity,"1,30,99,591.64",0.03,"1,30,99,591.64","21,701.00",603.64,United States,NYSE
LEN,LENNAR A CORP CLASS A,Consumer Discretionary,Equity,"1,30,11,236.70",0.03,"1,30,11,236.70","1,44,089.00",90.3,United States,NYSE
HEIA,HEICO CORP CLASS A,Industrials,Equity,"1,29,69,754.10",0.03,"1,29,69,754.10","52,490.00",247.09,United States,NYSE
GIS,GENERAL MILLS INC,Consumer Staples,Equity,"1,29,28,032.67",0.03,"1,29,28,032.67","3,74,617.00",34.51,United States,NYSE
L,LOEWS CORP,Financials,Equity,"1,29,22,934.88",0.03,"1,29,22,934.88","1,19,524.00",108.12,United States,NYSE
AMCR,AMCOR PLC,Materials,Equity,"1,29,25,172.40",0.03,"1,29,25,172.40","3,18,354.00",40.6,United States,NYSE
ROKU,ROKU INC CLASS A,Communication,Equity,"1,28,50,387.00",0.03,"1,28,50,387.00","89,450.00",143.66,United States,NASDAQ
ASTS,AST SPACEMOBILE INC CLASS A,Communication,Equity,"1,27,41,739.74",0.03,"1,27,41,739.74","1,54,614.00",82.41,United States,NASDAQ
ESS,ESSEX PROPERTY TRUST REIT INC,Real Estate,Equity,"1,27,09,730.00",0.03,"1,27,09,730.00","44,792.00",283.75,United States,NYSE
EWBC,EAST WEST BANCORP INC,Financials,Equity,"1,26,89,905.77",0.03,"1,26,89,905.77","95,679.00",132.63,United States,NASDAQ
WY,WEYERHAEUSER REIT,Real Estate,Equity,"1,26,60,950.75",0.03,"1,26,60,950.75","5,09,495.00",24.85,United States,NYSE
AFRM,AFFIRM HOLDINGS INC CLASS A,Financials,Equity,"1,26,61,960.35",0.03,"1,26,61,960.35","1,91,355.00",66.17,United States,NASDAQ
INVH,INVITATION HOMES INC,Real Estate,Equity,"1,26,44,362.64",0.03,"1,26,44,362.64","4,26,023.00",29.68,United States,NYSE
BAM,BROOKFIELD ASSET MANAGEMENT VOTING,Financials,Equity,"1,26,11,281.05",0.03,"1,26,11,281.05","2,67,585.00",47.13,Canada,NYSE
AA,ALCOA CORP,Materials,Equity,"1,25,36,977.31",0.03,"1,25,36,977.31","1,82,303.00",68.77,United States,NYSE
MRNA,MODERNA INC,Health Care,Equity,"1,23,87,761.82",0.03,"1,23,87,761.82","2,48,202.00",49.91,United States,NASDAQ
ZBH,ZIMMER BIOMET HOLDINGS INC,Health Care,Equity,"1,23,41,520.94",0.03,"1,23,41,520.94","1,39,342.00",88.57,United States,NYSE
WCC,WESCO INTERNATIONAL INC,Industrials,Equity,"1,22,85,020.79",0.03,"1,22,85,020.79","35,427.00",346.77,United States,NYSE
FLUT,FLUTTER ENTERTAINMENT PLC,Consumer Discretionary,Equity,"1,22,71,527.60",0.03,"1,22,71,527.60","1,10,904.00",110.65,United States,NYSE
RGLD,ROYAL GOLD INC,Materials,Equity,"1,22,73,406.53",0.03,"1,22,73,406.53","59,129.00",207.57,United States,NASDAQ
BWXT,BWX TECHNOLOGIES INC,Industrials,Equity,"1,22,59,119.95",0.03,"1,22,59,119.95","63,371.00",193.45,United States,NYSE
BRO,BROWN & BROWN INC,Financials,Equity,"1,21,66,871.85",0.03,"1,21,66,871.85","2,02,815.00",59.99,United States,NYSE
CDW,CDW CORP,Information Technology,Equity,"1,21,68,486.07",0.03,"1,21,68,486.07","92,053.00",132.19,United States,NASDAQ
INCY,INCYTE CORP,Health Care,Equity,"1,21,58,724.43",0.03,"1,21,58,724.43","1,12,031.00",108.53,United States,NASDAQ
NVR,NVR INC,Consumer Discretionary,Equity,"1,20,67,742.49",0.03,"1,20,67,742.49","1,893.00","6,374.93",United States,NYSE
KIM,KIMCO REALTY REIT CORP,Real Estate,Equity,"1,20,07,238.11",0.03,"1,20,07,238.11","4,63,421.00",25.91,United States,NYSE
CF,CF INDUSTRIES HOLDINGS INC,Materials,Equity,"1,19,55,434.96",0.02,"1,19,55,434.96","1,09,202.00",109.48,United States,NYSE
HST,HOST HOTELS & RESORTS REIT INC,Real Estate,Equity,"1,19,30,946.83",0.02,"1,19,30,946.83","4,79,347.00",24.89,United States,NASDAQ
BR,BROADRIDGE FINANCIAL SOLUTIONS INC,Industrials,Equity,"1,18,58,188.98",0.02,"1,18,58,188.98","81,854.00",144.87,United States,NYSE
BG,BUNGE GLOBAL SA,Consumer Staples,Equity,"1,18,55,677.59",0.02,"1,18,55,677.59","93,227.00",127.17,United States,NYSE
DECK,DECKERS OUTDOOR CORP,Consumer Discretionary,Equity,"1,17,83,909.26",0.02,"1,17,83,909.26","1,03,522.00",113.83,United States,NYSE
WPC,W. P. CAREY REIT INC,Real Estate,Equity,"1,17,50,744.64",0.02,"1,17,50,744.64","1,53,184.00",76.71,United States,NYSE
IEX,IDEX CORP,Industrials,Equity,"1,17,19,366.62",0.02,"1,17,19,366.62","53,638.00",218.49,United States,NYSE
TSCO,TRACTOR SUPPLY,Consumer Discretionary,Equity,"1,16,63,312.50",0.02,"1,16,63,312.50","3,73,226.00",31.25,United States,NASDAQ
OVV,OVINTIV INC,Energy,Equity,"1,16,02,831.80",0.02,"1,16,02,831.80","2,01,964.00",57.45,United States,NYSE
LYB,LYONDELLBASELL INDUSTRIES CLASS A,Materials,Equity,"1,15,20,813.68",0.02,"1,15,20,813.68","1,78,396.00",64.58,United States,NYSE
TLN,TALEN ENERGY CORP,Utilities,Equity,"1,14,56,879.58",0.02,"1,14,56,879.58","31,777.00",360.54,United States,NASDAQ
GPN,GLOBAL PAYMENTS INC,Financials,Equity,"1,14,50,641.23",0.02,"1,14,50,641.23","1,69,113.00",67.71,United States,NYSE
TXT,TEXTRON INC,Industrials,Equity,"1,14,47,583.42",0.02,"1,14,47,583.42","1,23,331.00",92.82,United States,NYSE
LII,LENNOX INTERNATIONAL INC,Industrials,Equity,"1,14,26,578.65",0.02,"1,14,26,578.65","22,311.00",512.15,United States,NYSE
MAA,MID AMERICA APARTMENT COMMUNITIES,Real Estate,Equity,"1,14,24,491.76",0.02,"1,14,24,491.76","82,232.00",138.93,United States,NYSE
BWA,BORGWARNER INC,Consumer Discretionary,Equity,"1,14,13,963.37",0.02,"1,14,13,963.37","1,53,187.00",74.51,United States,NYSE
PFGC,PERFORMANCE FOOD GROUP,Consumer Staples,Equity,"1,12,74,111.24",0.02,"1,12,74,111.24","1,08,332.00",104.07,United States,NYSE
VIK,VIKING HOLDINGS,Consumer Discretionary,Equity,"1,12,64,739.75",0.02,"1,12,64,739.75","1,22,111.00",92.25,United States,NYSE
SCCO,SOUTHERN COPPER CORP,Materials,Equity,"1,12,59,291.75",0.02,"1,12,59,291.75","59,325.00",189.79,Peru,NYSE
ITT,ITT INC,Industrials,Equity,"1,12,46,993.71",0.02,"1,12,46,993.71","59,467.00",189.13,United States,NYSE
TSN,TYSON FOODS INC CLASS A,Consumer Staples,Equity,"1,12,05,109.87",0.02,"1,12,05,109.87","1,95,109.00",57.43,United States,NYSE
ONTO,ONTO INNOVATION INC,Information Technology,Equity,"1,10,99,691.48",0.02,"1,10,99,691.48","34,271.00",323.88,United States,NYSE
LVS,LAS VEGAS SANDS CORP,Consumer Discretionary,Equity,"1,10,54,673.90",0.02,"1,10,54,673.90","2,18,170.00",50.67,United States,NYSE
UNM,UNUM,Financials,Equity,"1,09,87,206.78",0.02,"1,09,87,206.78","1,18,486.00",92.73,United States,NYSE
SMCI,SUPER MICRO COMPUTER INC,Information Technology,Equity,"1,09,43,942.94",0.02,"1,09,43,942.94","3,59,289.00",30.46,United States,NASDAQ
NLY,ANNALY CAPITAL MANAGEMENT REIT INC,Financials,Equity,"1,09,45,066.00",0.02,"1,09,45,066.00","4,97,503.00",22,United States,NYSE
SUI,SUN COMMUNITIES REIT INC,Real Estate,Equity,"1,09,23,793.60",0.02,"1,09,23,793.60","86,048.00",126.95,United States,NYSE
APG,API GROUP CORP,Industrials,Equity,"1,09,23,974.04",0.02,"1,09,23,974.04","2,58,006.00",42.34,United States,NYSE
LDOS,LEIDOS HOLDINGS INC,Industrials,Equity,"1,08,97,649.28",0.02,"1,08,97,649.28","89,208.00",122.16,United States,NYSE
BALL,BALL CORP,Materials,Equity,"1,08,89,846.66",0.02,"1,08,89,846.66","1,91,117.00",56.98,United States,NYSE
MAS,MASCO CORP,Industrials,Equity,"1,08,88,480.46",0.02,"1,08,88,480.46","1,47,082.00",74.03,United States,NYSE
NDSN,NORDSON CORP,Industrials,Equity,"1,08,68,110.89",0.02,"1,08,68,110.89","37,709.00",288.21,United States,NASDAQ
NBIX,NEUROCRINE BIOSCIENCES INC,Health Care,Equity,"1,08,21,343.60",0.02,"1,08,21,343.60","67,735.00",159.76,United States,NASDAQ
WRB,WR BERKLEY CORP,Financials,Equity,"1,08,01,201.51",0.02,"1,08,01,201.51","1,58,213.00",68.27,United States,NYSE
RL,RALPH LAUREN CORP CLASS A,Consumer Discretionary,Equity,"1,07,62,027.20",0.02,"1,07,62,027.20","26,640.00",403.98,United States,NYSE
THC,TENET HEALTHCARE CORP,Health Care,Equity,"1,06,60,897.08",0.02,"1,06,60,897.08","61,038.00",174.66,United States,NYSE
BBY,BEST BUY INC,Consumer Discretionary,Equity,"1,06,22,281.92",0.02,"1,06,22,281.92","1,35,264.00",78.53,United States,NYSE
GNRC,GENERAC HOLDINGS INC,Industrials,Equity,"1,06,13,511.44",0.02,"1,06,13,511.44","40,454.00",262.36,United States,NYSE
J,JACOBS SOLUTIONS INC,Industrials,Equity,"1,05,66,400.00",0.02,"1,05,66,400.00","83,200.00",127,United States,NYSE
MLI,MUELLER INDUSTRIES INC,Industrials,Equity,"1,04,78,959.65",0.02,"1,04,78,959.65","75,885.00",138.09,United States,NYSE
APTV,APTIV PLC,Consumer Discretionary,Equity,"1,03,32,371.75",0.02,"1,03,32,371.75","1,51,835.00",68.05,United States,NYSE
TEAM,ATLASSIAN CORP CLASS A,Information Technology,Equity,"1,03,13,819.28",0.02,"1,03,13,819.28","1,16,514.00",88.52,United States,NASDAQ
MDLN,MEDLINE INC CLASS A,Health Care,Equity,"1,02,35,972.95",0.02,"1,02,35,972.95","2,79,595.00",36.61,United States,NASDAQ
SGI,SOMNIGROUP INTERNATIONAL INC,Consumer Discretionary,Equity,"1,02,19,618.00",0.02,"1,02,19,618.00","1,41,448.00",72.25,United States,NYSE
REG,REGENCY CENTERS REIT CORP,Real Estate,Equity,"1,01,49,639.84",0.02,"1,01,49,639.84","1,26,428.00",80.28,United States,NASDAQ
CLH,CLEAN HARBORS INC,Industrials,Equity,"1,01,32,158.24",0.02,"1,01,32,158.24","35,208.00",287.78,United States,NYSE
DTM,DT MIDSTREAM INC,Energy,Equity,"1,00,78,533.12",0.02,"1,00,78,533.12","70,816.00",142.32,United States,NYSE
DOC,HEALTHPEAK PROPERTIES INC,Real Estate,Equity,"1,00,47,146.76",0.02,"1,00,47,146.76","4,85,604.00",20.69,United States,NYSE
GPC,GENUINE PARTS,Consumer Discretionary,Equity,"1,00,45,178.75",0.02,"1,00,45,178.75","96,821.00",103.75,United States,NYSE
EG,EVEREST GROUP LTD,Financials,Equity,"1,00,34,021.60",0.02,"1,00,34,021.60","29,564.00",339.4,United States,NYSE
EXEL,EXELIXIS INC,Health Care,Equity,"1,00,28,287.50",0.02,"1,00,28,287.50","1,88,750.00",53.13,United States,NASDAQ
CSL,CARLISLE COMPANIES INC,Industrials,Equity,"1,00,13,676.33",0.02,"1,00,13,676.33","29,129.00",343.77,United States,NYSE
SSNC,SS AND C TECHNOLOGIES HOLDINGS INC,Industrials,Equity,"99,95,997.60",0.02,"99,95,997.60","1,47,695.00",67.68,United States,NASDAQ
ARMK,ARAMARK,Consumer Discretionary,Equity,"99,76,399.83",0.02,"99,76,399.83","1,83,829.00",54.27,United States,NYSE
ROL,ROLLINS INC,Industrials,Equity,"99,48,690.18",0.02,"99,48,690.18","2,10,822.00",47.19,United States,NYSE
TOL,TOLL BROTHERS INC,Consumer Discretionary,Equity,"99,08,214.70",0.02,"99,08,214.70","67,357.00",147.1,United States,NYSE
RRX,REGAL REXNORD CORP,Industrials,Equity,"98,68,805.73",0.02,"98,68,805.73","46,483.00",212.31,United States,NYSE
PNFP,PINNACLE FINANCIAL PARTNERS INC,Financials,Equity,"98,59,555.20",0.02,"98,59,555.20","1,02,320.00",96.36,United States,NYSE
JLL,JONES LANG LASALLE INC,Real Estate,Equity,"98,59,656.45",0.02,"98,59,656.45","32,871.00",299.95,United States,NYSE
HEI,HEICO CORP,Industrials,Equity,"98,36,879.04",0.02,"98,36,879.04","29,664.00",331.61,United States,NYSE
DKS,DICKS SPORTING INC,Consumer Discretionary,Equity,"98,06,210.26",0.02,"98,06,210.26","44,374.00",220.99,United States,NYSE
LECO,LINCOLN ELECTRIC HOLDINGS INC,Industrials,Equity,"97,99,554.50",0.02,"97,99,554.50","37,946.00",258.25,United States,NASDAQ
TKO,TKO GROUP HOLDINGS INC CLASS A,Communication,Equity,"97,87,513.44",0.02,"97,87,513.44","48,129.00",203.36,United States,NYSE
PR,PERMIAN RESOURCES CORP CLASS A,Energy,Equity,"97,60,482.31",0.02,"97,60,482.31","5,00,281.00",19.51,United States,NYSE
DKNG,DRAFTKINGS INC CLASS A,Consumer Discretionary,Equity,"97,53,164.00",0.02,"97,53,164.00","3,36,316.00",29,United States,NASDAQ
FOXA,FOX CORP CLASS A,Communication,Equity,"97,24,267.05",0.02,"97,24,267.05","1,47,673.00",65.85,United States,NASDAQ
RGA,REINSURANCE GROUP OF AMERICA INC,Financials,Equity,"96,94,800.15",0.02,"96,94,800.15","46,067.00",210.45,United States,NYSE
CSGP,COSTAR GROUP INC,Real Estate,Equity,"96,12,924.80",0.02,"96,12,924.80","2,92,720.00",32.84,United States,NASDAQ
PTC,PTC INC,Information Technology,Equity,"95,85,383.92",0.02,"95,85,383.92","84,319.00",113.68,United States,NASDAQ
LAMR,LAMAR ADVERTISING COMPANY CLAS,Real Estate,Equity,"95,66,767.35",0.02,"95,66,767.35","61,981.00",154.35,United States,NASDAQ
RNR,RENAISSANCERE HOLDING LTD,Financials,Equity,"95,55,046.16",0.02,"95,55,046.16","31,757.00",300.88,United States,NYSE
JAZZ,JAZZ PHARMACEUTICALS PLC,Health Care,Equity,"95,47,028.48",0.02,"95,47,028.48","41,408.00",230.56,United States,NASDAQ
EQH,EQUITABLE HOLDINGS INC,Financials,Equity,"95,41,731.18",0.02,"95,41,731.18","2,16,759.00",44.02,United States,NYSE
OHI,OMEGA HEALTHCARE INVESTORS REIT IN,Real Estate,Equity,"95,13,065.65",0.02,"95,13,065.65","2,07,845.00",45.77,United States,NYSE
RPM,RPM INTERNATIONAL INC,Materials,Equity,"94,89,768.40",0.02,"94,89,768.40","88,648.00",107.05,United States,NYSE
COO,COOPER INC,Health Care,Equity,"94,35,727.28",0.02,"94,35,727.28","1,39,006.00",67.88,United States,NASDAQ
GL,GLOBE LIFE INC,Financials,Equity,"93,13,212.48",0.02,"93,13,212.48","55,848.00",166.76,United States,NYSE
GEN,GEN DIGITAL INC,Information Technology,Equity,"92,81,509.12",0.02,"92,81,509.12","3,81,641.00",24.32,United States,NASDAQ
SOLS,SOLSTICE ADVANCED MATERIALS INC,Materials,Equity,"92,72,403.10",0.02,"92,72,403.10","1,11,635.00",83.06,United States,NASDAQ
WSO,WATSCO INC,Industrials,Equity,"92,61,157.32",0.02,"92,61,157.32","24,342.00",380.46,United States,NYSE
FNF,FIDELITY NATIONAL FINANCIAL INC,Financials,Equity,"92,47,266.16",0.02,"92,47,266.16","1,92,973.00",47.92,United States,NYSE
AIZ,ASSURANT INC,Financials,Equity,"91,38,564.85",0.02,"91,38,564.85","35,015.00",260.99,United States,NYSE
APA,APA CORP,Energy,Equity,"91,16,063.94",0.02,"91,16,063.94","2,46,247.00",37.02,United States,NASDAQ
UDR,UDR REIT INC,Real Estate,Equity,"91,17,829.80",0.02,"91,17,829.80","2,31,417.00",39.4,United States,NYSE
SWK,STANLEY BLACK & DECKER INC,Industrials,Equity,"91,07,221.44",0.02,"91,07,221.44","1,08,912.00",83.62,United States,NYSE
RIVN,RIVIAN AUTOMOTIVE INC CLASS A,Consumer Discretionary,Equity,"90,89,216.16",0.02,"90,89,216.16","5,42,316.00",16.76,United States,NASDAQ
ZS,ZSCALER INC,Information Technology,Equity,"90,91,008.80",0.02,"90,91,008.80","70,190.00",129.52,United States,NASDAQ
EVR,EVERCORE INC CLASS A,Financials,Equity,"90,57,438.72",0.02,"90,57,438.72","25,344.00",357.38,United States,NYSE
GLPI,GAMING AND LEISURE PROPERTIES REIT,Real Estate,Equity,"90,33,018.83",0.02,"90,33,018.83","1,90,289.00",47.47,United States,NASDAQ
TYL,TYLER TECHNOLOGIES INC,Information Technology,Equity,"90,16,002.80",0.02,"90,16,002.80","30,170.00",298.84,United States,NYSE
TRU,TRANSUNION,Industrials,Equity,"89,84,025.02",0.02,"89,84,025.02","1,35,854.00",66.13,United States,NYSE
ROIV,ROIVANT SCIENCES LTD,Health Care,Equity,"89,71,536.12",0.02,"89,71,536.12","2,98,653.00",30.04,United States,NASDAQ
SAIA,SAIA INC,Industrials,Equity,"88,83,842.26",0.02,"88,83,842.26","18,398.00",482.87,United States,NASDAQ
NTNX,NUTANIX INC CLASS A,Information Technology,Equity,"88,57,062.20",0.02,"88,57,062.20","1,79,620.00",49.31,United States,NASDAQ
KNX,KNIGHT-SWIFT TRANSPORTATION HOLDIN,Industrials,Equity,"88,54,102.44",0.02,"88,54,102.44","1,08,586.00",81.54,United States,NYSE
FHN,FIRST HORIZON CORP,Financials,Equity,"88,43,522.94",0.02,"88,43,522.94","3,51,771.00",25.14,United States,NYSE
LULU,LULULEMON ATHLETICA INC,Consumer Discretionary,Equity,"87,49,073.28",0.02,"87,49,073.28","73,664.00",118.77,United States,NASDAQ
MKC,MCCORMICK & CO NON-VOTING INC,Consumer Staples,Equity,"87,16,232.80",0.02,"87,16,232.80","1,78,064.00",48.95,United States,NYSE
CPT,CAMDEN PROPERTY TRUST REIT,Real Estate,Equity,"86,84,899.32",0.02,"86,84,899.32","75,534.00",114.98,United States,NYSE
ALLY,ALLY FINANCIAL INC,Financials,Equity,"86,86,226.16",0.02,"86,86,226.16","1,95,768.00",44.37,United States,NYSE
AVY,AVERY DENNISON CORP,Materials,Equity,"86,68,455.25",0.02,"86,68,455.25","54,433.00",159.25,United States,NYSE
GGG,GRACO INC,Industrials,Equity,"86,56,957.00",0.02,"86,56,957.00","1,16,045.00",74.6,United States,NYSE
ELS,EQUITY LIFESTYLE PROPERTIES REIT I,Real Estate,Equity,"86,29,975.11",0.02,"86,29,975.11","1,33,117.00",64.83,United States,NYSE
PNW,PINNACLE WEST CORP,Utilities,Equity,"86,30,619.84",0.02,"86,30,619.84","83,436.00",103.44,United States,NYSE
RKT,ROCKET COMPANIES INC CLASS A,Financials,Equity,"86,26,827.36",0.02,"86,26,827.36","6,60,048.00",13.07,United States,NYSE
WBS,WEBSTER FINANCIAL CORP,Financials,Equity,"85,85,533.42",0.02,"85,85,533.42","1,16,162.00",73.91,United States,NYSE
CHTR,CHARTER COMMUNICATIONS INC CLASS A,Communication,Equity,"85,60,946.38",0.02,"85,60,946.38","58,709.00",145.82,United States,NASDAQ
AIT,APPLIED INDUSTRIAL TECHNOLOGIES IN,Industrials,Equity,"85,41,495.13",0.02,"85,41,495.13","26,683.00",320.11,United States,NYSE
ARW,ARROW ELECTRONICS INC,Information Technology,Equity,"85,00,167.96",0.02,"85,00,167.96","37,482.00",226.78,United States,NYSE
BJ,BJS WHOLESALE CLUB HOLDINGS INC,Consumer Staples,Equity,"84,77,917.92",0.02,"84,77,917.92","93,123.00",91.04,United States,NYSE
DT,DYNATRACE INC,Information Technology,Equity,"84,64,182.50",0.02,"84,64,182.50","2,07,710.00",40.75,United States,NYSE
PNR,PENTAIR,Industrials,Equity,"84,41,834.40",0.02,"84,41,834.40","1,14,388.00",73.8,United States,NYSE
CLX,CLOROX,Consumer Staples,Equity,"84,10,656.58",0.02,"84,10,656.58","86,869.00",96.82,United States,NYSE
TRMB,TRIMBLE INC,Information Technology,Equity,"84,03,350.14",0.02,"84,03,350.14","1,66,667.00",50.42,United States,NASDAQ
PEN,PENUMBRA INC,Health Care,Equity,"84,00,876.89",0.02,"84,00,876.89","26,359.00",318.71,United States,NYSE
ALGN,ALIGN TECHNOLOGY INC,Health Care,Equity,"83,90,047.08",0.02,"83,90,047.08","47,987.00",174.84,United States,NASDAQ
SJM,JM SMUCKER,Consumer Staples,Equity,"83,85,765.63",0.02,"83,85,765.63","71,987.00",116.49,United States,NYSE
PINS,PINTEREST INC CLASS A,Communication,Equity,"83,86,442.65",0.02,"83,86,442.65","4,14,965.00",20.21,United States,NYSE
CG,CARLYLE GROUP INC,Financials,Equity,"83,73,897.00",0.02,"83,73,897.00","1,83,036.00",45.75,United States,NASDAQ
TW,TRADEWEB MARKETS INC CLASS A,Financials,Equity,"83,07,193.05",0.02,"83,07,193.05","82,095.00",101.19,United States,NASDAQ
NYT,NEW YORK TIMES CLASS A,Communication,Equity,"82,89,298.32",0.02,"82,89,298.32","1,12,964.00",73.38,United States,NYSE
ELAN,ELANCO ANIMAL HEALTH INC,Health Care,Equity,"82,75,662.98",0.02,"82,75,662.98","3,42,394.00",24.17,United States,NYSE
HAS,HASBRO INC,Consumer Discretionary,Equity,"82,26,898.40",0.02,"82,26,898.40","98,056.00",83.9,United States,NASDAQ
RVTY,REVVITY INC,Health Care,Equity,"81,93,247.92",0.02,"81,93,247.92","82,212.00",99.66,United States,NYSE
BLD,TOPBUILD CORP,Consumer Discretionary,Equity,"81,80,492.00",0.02,"81,80,492.00","19,900.00",411.08,United States,NYSE
ZBRA,ZEBRA TECHNOLOGIES CORP CLASS A,Information Technology,Equity,"81,71,268.66",0.02,"81,71,268.66","35,773.00",228.42,United States,NASDAQ
SOLV,SOLVENTUM CORP,Health Care,Equity,"81,56,025.57",0.02,"81,56,025.57","1,03,411.00",78.87,United States,NYSE
HII,HUNTINGTON INGALLS INDUSTRIES INC,Industrials,Equity,"81,29,343.12",0.02,"81,29,343.12","27,309.00",297.68,United States,NYSE
CCK,CROWN HOLDINGS INC,Materials,Equity,"81,08,655.65",0.02,"81,08,655.65","81,947.00",98.95,United States,NYSE
AGNC,AGNC INVESTMENT REIT CORP,Financials,Equity,"80,18,849.94",0.02,"80,18,849.94","7,77,774.00",10.31,United States,NASDAQ
ALLE,ALLEGION PLC,Industrials,Equity,"79,92,516.23",0.02,"79,92,516.23","59,659.00",133.97,United States,NYSE
CACI,CACI INTERNATIONAL INC CLASS A,Industrials,Equity,"79,88,372.00",0.02,"79,88,372.00","15,380.00",519.4,United States,NYSE
TOST,TOAST INC CLASS A,Financials,Equity,"79,77,942.24",0.02,"79,77,942.24","3,21,432.00",24.82,United States,NYSE
DINO,HF SINCLAIR CORP,Energy,Equity,"79,79,053.46",0.02,"79,79,053.46","1,11,971.00",71.26,United States,NYSE
LFUS,LITTELFUSE INC,Information Technology,Equity,"79,57,919.70",0.02,"79,57,919.70","16,855.00",472.14,United States,NASDAQ
IONS,IONIS PHARMACEUTICALS INC,Health Care,Equity,"79,45,354.80",0.02,"79,45,354.80","1,08,432.00",73.28,United States,NASDAQ
SWKS,SKYWORKS SOLUTIONS INC,Information Technology,Equity,"79,35,427.63",0.02,"79,35,427.63","1,07,279.00",73.97,United States,NASDAQ
AMH,AMERICAN HOMES RENT REIT CLASS A,Real Estate,Equity,"79,13,931.83",0.02,"79,13,931.83","2,37,727.00",33.29,United States,NYSE
R,RYDER SYSTEM INC,Industrials,Equity,"78,87,084.55",0.02,"78,87,084.55","28,135.00",280.33,United States,NYSE
TXRH,TEXAS ROADHOUSE INC,Consumer Discretionary,Equity,"78,26,640.36",0.02,"78,26,640.36","46,626.00",167.86,United States,NASDAQ
SN,SHARKNINJA INC,Consumer Discretionary,Equity,"77,62,808.40",0.02,"77,62,808.40","58,018.00",133.8,United States,NYSE
CGNX,COGNEX CORP,Information Technology,Equity,"76,86,441.57",0.02,"76,86,441.57","1,20,837.00",63.61,United States,NASDAQ
IT,GARTNER INC,Information Technology,Equity,"76,19,790.42",0.02,"76,19,790.42","51,426.00",148.17,United States,NYSE
SF,STIFEL FINANCIAL CORP,Financials,Equity,"75,91,952.76",0.02,"75,91,952.76","1,04,486.00",72.66,United States,NYSE
FIVE,FIVE BELOW INC,Consumer Discretionary,Equity,"75,90,654.58",0.02,"75,90,654.58","38,242.00",198.49,United States,NASDAQ
SCI,SERVICE,Consumer Discretionary,Equity,"75,46,467.36",0.02,"75,46,467.36","98,108.00",76.92,United States,NYSE
FRT,FEDERAL REALTY INVESTMENT TRUST RE,Real Estate,Equity,"75,30,517.28",0.02,"75,30,517.28","59,842.00",125.84,United States,NYSE
QXO,QXO INC,Industrials,Equity,"75,26,455.29",0.02,"75,26,455.29","4,52,583.00",16.63,United States,NYSE
VMI,VALMONT INDS INC,Industrials,Equity,"75,10,982.16",0.02,"75,10,982.16","13,736.00",546.81,United States,NYSE
EGP,EASTGROUP PROPERTIES REIT INC,Real Estate,Equity,"75,06,223.56",0.02,"75,06,223.56","36,564.00",205.29,United States,NYSE
AES,AES CORP,Utilities,Equity,"74,87,299.12",0.02,"74,87,299.12","5,10,034.00",14.68,United States,NYSE
IVZ,INVESCO LTD,Financials,Equity,"74,77,670.88",0.02,"74,77,670.88","2,58,564.00",28.92,United States,NYSE
WTRG,ESSENTIAL UTILITIES INC,Utilities,Equity,"74,78,293.68",0.02,"74,78,293.68","1,99,368.00",37.51,United States,NYSE
COKE,COCA COLA CONSOLIDATED INC,Consumer Staples,Equity,"74,73,512.64",0.02,"74,73,512.64","39,776.00",187.89,United States,NASDAQ
BAX,BAXTER INTERNATIONAL INC,Health Care,Equity,"74,65,189.06",0.02,"74,65,189.06","3,57,871.00",20.86,United States,NYSE
MUSA,MURPHY USA INC,Consumer Discretionary,Equity,"74,44,836.27",0.02,"74,44,836.27","11,959.00",622.53,United States,NYSE
WTFC,WINTRUST FINANCIAL CORP,Financials,Equity,"73,84,567.68",0.02,"73,84,567.68","46,368.00",159.26,United States,NASDAQ
IOT,SAMSARA INC CLASS A,Information Technology,Equity,"73,78,372.98",0.02,"73,78,372.98","2,19,203.00",33.66,United States,NYSE
PODD,INSULET CORP,Health Care,Equity,"73,66,587.30",0.02,"73,66,587.30","49,209.00",149.7,United States,NASDAQ
BMRN,BIOMARIN PHARMACEUTICAL INC,Health Care,Equity,"73,64,978.25",0.02,"73,64,978.25","1,31,635.00",55.95,United States,NASDAQ
ZION,ZIONS BANCORPORATION,Financials,Equity,"73,48,542.00",0.02,"73,48,542.00","1,09,272.00",67.25,United States,NASDAQ
GDDY,GODADDY INC CLASS A,Information Technology,Equity,"73,31,009.68",0.02,"73,31,009.68","96,157.00",76.24,United States,NYSE
BPOP,POPULAR INC,Financials,Equity,"72,99,404.40",0.02,"72,99,404.40","45,352.00",160.95,United States,NASDAQ
BXP,BXP INC,Real Estate,Equity,"72,67,270.60",0.02,"72,67,270.60","1,09,645.00",66.28,United States,NYSE
GWRE,GUIDEWIRE SOFTWARE INC,Information Technology,Equity,"72,56,532.48",0.02,"72,56,532.48","59,208.00",122.56,United States,NYSE
MEDP,MEDPACE HOLDINGS INC,Health Care,Equity,"72,48,910.74",0.02,"72,48,910.74","15,511.00",467.34,United States,NASDAQ
AMKR,AMKOR TECHNOLOGY INC,Information Technology,Equity,"72,34,144.20",0.02,"72,34,144.20","87,390.00",82.78,United States,NASDAQ
DPZ,DOMINOS PIZZA INC,Consumer Discretionary,Equity,"72,15,398.64",0.02,"72,15,398.64","22,278.00",323.88,United States,NASDAQ
MOH,MOLINA HEALTHCARE INC,Health Care,Equity,"71,55,203.28",0.01,"71,55,203.28","35,726.00",200.28,United States,NYSE
OC,OWENS CORNING,Industrials,Equity,"71,51,965.92",0.01,"71,51,965.92","58,893.00",121.44,United States,NYSE
BRX,BRIXMOR PROPERTY GROUP REIT INC,Real Estate,Equity,"70,59,629.88",0.01,"70,59,629.88","2,16,686.00",32.58,United States,NYSE
AR,ANTERO RESOURCES CORP,Energy,Equity,"70,44,193.35",0.01,"70,44,193.35","2,02,245.00",34.83,United States,NYSE
DCI,DONALDSON INC,Industrials,Equity,"70,37,366.40",0.01,"70,37,366.40","81,451.00",86.4,United States,NYSE
CR,CRANE,Industrials,Equity,"70,17,802.61",0.01,"70,17,802.61","33,973.00",206.57,United States,NYSE
MGM,MGM RESORTS INTERNATIONAL,Consumer Discretionary,Equity,"70,19,017.01",0.01,"70,19,017.01","1,43,333.00",48.97,United States,NYSE
GFS,GLOBALFOUNDRIES INC,Information Technology,Equity,"70,20,571.22",0.01,"70,20,571.22","86,269.00",81.38,United States,NASDAQ
EHC,ENCOMPASS HEALTH CORP,Health Care,Equity,"69,81,237.47",0.01,"69,81,237.47","68,801.00",101.47,United States,NYSE
AMG,AFFILIATED MANAGERS GROUP INC,Financials,Equity,"69,44,168.84",0.01,"69,44,168.84","19,582.00",354.62,United States,NYSE
AAL,AMERICAN AIRLINES GROUP INC,Industrials,Equity,"69,45,776.60",0.01,"69,45,776.60","4,63,670.00",14.98,United States,NASDAQ
FLS,FLOWSERVE CORP,Industrials,Equity,"69,40,735.28",0.01,"69,40,735.28","88,904.00",78.07,United States,NYSE
SSB,SOUTHSTATE BANK CORP,Financials,Equity,"69,42,142.96",0.01,"69,42,142.96","70,151.00",98.96,United States,NYSE
ESI,ELEMENT SOLUTIONS INC,Materials,Equity,"69,43,056.00",0.01,"69,43,056.00","1,58,880.00",43.7,United States,NYSE
NWSA,NEWS CORP CLASS A,Communication,Equity,"68,89,918.32",0.01,"68,89,918.32","2,68,299.00",25.68,United States,NASDAQ
ALSN,ALLISON TRANSMISSION HOLDINGS INC,Industrials,Equity,"68,70,725.15",0.01,"68,70,725.15","58,549.00",117.35,United States,NYSE
RBRK,RUBRIK INC CLASS A,Information Technology,Equity,"68,63,323.50",0.01,"68,63,323.50","1,00,650.00",68.19,United States,NYSE
OGE,OGE ENERGY CORP,Utilities,Equity,"68,47,875.80",0.01,"68,47,875.80","1,43,261.00",47.8,United States,NYSE
TIGO,MILLICOM INTERNATIONAL CELLULAR SA,Communication,Equity,"67,43,844.63",0.01,"67,43,844.63","71,919.00",93.77,Sweden,NASDAQ
HUBS,HUBSPOT INC,Information Technology,Equity,"66,89,268.30",0.01,"66,89,268.30","35,585.00",187.98,United States,NYSE
WMS,ADVANCED DRAINAGE SYSTEMS INC,Industrials,Equity,"66,63,561.10",0.01,"66,63,561.10","49,378.00",134.95,United States,NYSE
JKHY,JACK HENRY AND ASSOCIATES INC,Financials,Equity,"66,27,439.32",0.01,"66,27,439.32","51,684.00",128.23,United States,NASDAQ
JEF,JEFFERIES FINANCIAL GROUP INC,Financials,Equity,"66,07,793.90",0.01,"66,07,793.90","1,07,165.00",61.66,United States,NYSE
BAH,BOOZ ALLEN HAMILTON HOLDING CORP C,Industrials,Equity,"65,64,832.46",0.01,"65,64,832.46","84,806.00",77.41,United States,NYSE
CUBE,CUBESMART REIT,Real Estate,Equity,"65,50,129.85",0.01,"65,50,129.85","1,56,365.00",41.89,United States,NYSE
CNM,CORE & MAIN INC CLASS A,Industrials,Equity,"65,31,606.18",0.01,"65,31,606.18","1,35,146.00",48.33,United States,NYSE
PRI,PRIMERICA INC,Financials,Equity,"65,31,633.61",0.01,"65,31,633.61","23,161.00",282.01,United States,NYSE
ACM,AECOM,Industrials,Equity,"65,15,760.76",0.01,"65,15,760.76","92,923.00",70.12,United States,NYSE
COLB,COLUMBIA BANKING SYSTEM INC,Financials,Equity,"64,97,325.96",0.01,"64,97,325.96","2,07,516.00",31.31,United States,NASDAQ
CNH,CNH INDUSTRIAL N.V. NV,Industrials,Equity,"64,89,722.80",0.01,"64,89,722.80","6,12,238.00",10.6,United States,NYSE
FDS,FACTSET RESEARCH SYSTEMS INC,Financials,Equity,"64,42,589.40",0.01,"64,42,589.40","26,715.00",241.16,United States,NYSE
AYI,ACUITY INC,Industrials,Equity,"64,37,326.68",0.01,"64,37,326.68","21,657.00",297.24,United States,NYSE
CRL,CHARLES RIVER LABORATORIES INTERNA,Health Care,Equity,"64,07,404.21",0.01,"64,07,404.21","34,171.00",187.51,United States,NYSE
SEIC,SEI INVESTMENTS,Financials,Equity,"63,93,798.60",0.01,"63,93,798.60","71,519.00",89.4,United States,NASDAQ
ARE,ALEXANDRIA REAL ESTATE EQUITIES RE,Real Estate,Equity,"63,85,504.32",0.01,"63,85,504.32","1,20,096.00",53.17,United States,NYSE
RRC,RANGE RESOURCES CORP,Energy,Equity,"63,44,967.80",0.01,"63,44,967.80","1,64,420.00",38.59,United States,NYSE
CAVA,CAVA GROUP INC,Consumer Discretionary,Equity,"63,49,646.16",0.01,"63,49,646.16","69,784.00",90.99,United States,NYSE
DOCU,DOCUSIGN INC,Information Technology,Equity,"63,36,441.48",0.01,"63,36,441.48","1,40,716.00",45.03,United States,NASDAQ
DAR,DARLING INGREDIENTS INC,Consumer Staples,Equity,"63,16,657.62",0.01,"63,16,657.62","1,10,838.00",56.99,United States,NYSE
GMED,GLOBUS MEDICAL INC CLASS A,Health Care,Equity,"63,14,714.89",0.01,"63,14,714.89","78,551.00",80.39,United States,NYSE
TTC,TORO,Industrials,Equity,"62,85,196.84",0.01,"62,85,196.84","69,266.00",90.74,United States,NYSE
WAL,WESTERN ALLIANCE,Financials,Equity,"62,72,070.54",0.01,"62,72,070.54","74,962.00",83.67,United States,NYSE
GME,GAMESTOP CORP CLASS A,Consumer Discretionary,Equity,"62,16,140.49",0.01,"62,16,140.49","2,85,537.00",21.77,United States,NYSE
CRCL,CIRCLE INTERNET GROUP INC CLASS A,Information Technology,Equity,"62,09,841.68",0.01,"62,09,841.68","79,777.00",77.84,United States,NYSE
AFG,AMERICAN FINANCIAL GROUP INC,Financials,Equity,"61,99,443.00",0.01,"61,99,443.00","46,230.00",134.1,United States,NYSE
VOYA,VOYA FINANCIAL INC,Financials,Equity,"61,77,004.04",0.01,"61,77,004.04","67,523.00",91.48,United States,NYSE
ORI,OLD REPUBLIC INTERNATIONAL CORP,Financials,Equity,"61,67,767.27",0.01,"61,67,767.27","1,59,911.00",38.57,United States,NYSE
FOX,FOX CORP CLASS B,Communication,Equity,"61,62,619.56",0.01,"61,62,619.56","1,04,593.00",58.92,United States,NASDAQ
OSK,OSHKOSH CORP,Industrials,Equity,"61,38,967.85",0.01,"61,38,967.85","45,457.00",135.05,United States,NYSE
AAON,AAON INC,Industrials,Equity,"60,96,725.46",0.01,"60,96,725.46","47,934.00",127.19,United States,NASDAQ
CFR,CULLEN FROST BANKERS INC,Financials,Equity,"60,88,424.00",0.01,"60,88,424.00","41,138.00",148,United States,NYSE
U,UNITY SOFTWARE INC,Information Technology,Equity,"60,67,192.44",0.01,"60,67,192.44","2,22,731.00",27.24,United States,NYSE
NNN,NNN REIT INC,Real Estate,Equity,"60,64,014.63",0.01,"60,64,014.63","1,30,157.00",46.59,United States,NYSE
BEN,FRANKLIN RESOURCES INC,Financials,Equity,"60,64,923.06",0.01,"60,64,923.06","1,88,762.00",32.13,United States,NYSE
NCLH,NORWEGIAN CRUISE LINE HOLDINGS LTD,Consumer Discretionary,Equity,"60,55,456.65",0.01,"60,55,456.65","3,11,655.00",19.43,United States,NYSE
TTD,TRADE DESK INC CLASS A,Communication,Equity,"60,55,886.56",0.01,"60,55,886.56","3,14,102.00",19.28,United States,NASDAQ
EMN,EASTMAN CHEMICAL,Materials,Equity,"60,44,528.76",0.01,"60,44,528.76","80,358.00",75.22,United States,NYSE
MTCH,MATCH GROUP INC,Communication,Equity,"60,44,797.17",0.01,"60,44,797.17","1,73,253.00",34.89,United States,NASDAQ
ADC,AGREE REALTY REIT CORP,Real Estate,Equity,"60,40,617.80",0.01,"60,40,617.80","79,660.00",75.83,United States,NYSE
TECH,BIO TECHNE CORP,Health Care,Equity,"60,10,146.00",0.01,"60,10,146.00","1,11,299.00",54,United States,NASDAQ
UBFUT,CASH COLLATERAL USD UBFUT,Cash and/or Derivatives,Cash Collateral and Margins,"59,81,000.00",0.01,"59,81,000.00","59,81,000.00",100,United States,--
MANH,MANHATTAN ASSOCIATES INC,Information Technology,Equity,"59,77,771.92",0.01,"59,77,771.92","41,826.00",142.92,United States,NASDAQ
HSIC,HENRY SCHEIN INC,Health Care,Equity,"59,72,850.00",0.01,"59,72,850.00","73,512.00",81.25,United States,NASDAQ
ONON,ON HOLDING AG CLASS A,Consumer Discretionary,Equity,"59,47,338.48",0.01,"59,47,338.48","1,54,156.00",38.58,United States,NYSE
TKR,TIMKEN,Industrials,Equity,"59,51,693.44",0.01,"59,51,693.44","43,424.00",137.06,United States,NYSE
SFM,SPROUTS FARMERS MARKET INC,Consumer Staples,Equity,"59,13,087.02",0.01,"59,13,087.02","68,494.00",86.33,United States,NASDAQ
BLDR,BUILDERS FIRSTSOURCE INC,Industrials,Equity,"59,03,909.55",0.01,"59,03,909.55","75,915.00",77.77,United States,NYSE
CRUS,CIRRUS LOGIC INC,Information Technology,Equity,"58,82,298.32",0.01,"58,82,298.32","35,848.00",164.09,United States,NASDAQ
QRVO,QORVO INC,Information Technology,Equity,"58,62,457.17",0.01,"58,62,457.17","59,463.00",98.59,United States,NASDAQ
REXR,REXFORD INDUSTRIAL REALTY REIT INC,Real Estate,Equity,"58,19,430.87",0.01,"58,19,430.87","1,65,843.00",35.09,United States,NYSE
VNOM,VIPER ENERGY INC CLASS A,Energy,Equity,"58,14,090.66",0.01,"58,14,090.66","1,31,007.00",44.38,United States,NASDAQ
BROS,DUTCH BROS INC CLASS A,Consumer Discretionary,Equity,"57,60,235.58",0.01,"57,60,235.58","87,422.00",65.89,United States,NYSE
MP,MP MATERIALS CORP CLASS A,Materials,Equity,"57,59,086.05",0.01,"57,59,086.05","1,00,071.00",57.55,United States,NYSE
H,HYATT HOTELS CORP CLASS A,Consumer Discretionary,Equity,"57,51,137.28",0.01,"57,51,137.28","28,848.00",199.36,United States,NYSE
WYNN,WYNN RESORTS LTD,Consumer Discretionary,Equity,"57,43,986.69",0.01,"57,43,986.69","53,547.00",107.27,United States,NASDAQ
SSD,SIMPSON MANUFACTURING INC,Industrials,Equity,"57,24,911.64",0.01,"57,24,911.64","29,652.00",193.07,United States,NYSE
HALO,HALOZYME THERAPEUTICS INC,Health Care,Equity,"56,66,404.50",0.01,"56,66,404.50","81,531.00",69.5,United States,NASDAQ
AXS,AXIS CAPITAL HOLDINGS LTD,Financials,Equity,"56,47,063.36",0.01,"56,47,063.36","55,669.00",101.44,United States,NYSE
UHS,UNIVERSAL HEALTH SERVICES INC CLAS,Health Care,Equity,"56,44,783.84",0.01,"56,44,783.84","38,552.00",146.42,United States,NYSE
FR,FIRST INDUSTRIAL REALTY TRUST INC,Real Estate,Equity,"56,33,636.97",0.01,"56,33,636.97","88,621.00",63.57,United States,NYSE
LSTR,LANDSTAR SYSTEM INC,Industrials,Equity,"56,06,750.00",0.01,"56,06,750.00","25,000.00",224.27,United States,NASDAQ
CRBG,COREBRIDGE FINANCIAL INC,Financials,Equity,"55,97,000.04",0.01,"55,97,000.04","1,94,746.00",28.74,United States,NYSE
KEX,KIRBY CORP,Industrials,Equity,"55,87,930.04",0.01,"55,87,930.04","38,962.00",143.42,United States,NYSE
CHRD,CHORD ENERGY CORP,Energy,Equity,"55,59,902.54",0.01,"55,59,902.54","41,081.00",135.34,United States,NASDAQ
NOV,NOV INC,Energy,Equity,"55,23,382.00",0.01,"55,23,382.00","2,61,400.00",21.13,United States,NYSE
KMX,CARMAX INC,Consumer Discretionary,Equity,"55,11,782.76",0.01,"55,11,782.76","1,07,526.00",51.26,United States,NYSE
ATR,APTARGROUP INC,Materials,Equity,"54,84,457.08",0.01,"54,84,457.08","46,589.00",117.72,United States,NYSE
CORT,CORCEPT THERAPEUTICS INC,Health Care,Equity,"54,51,166.68",0.01,"54,51,166.68","65,748.00",82.91,United States,NASDAQ
HXL,HEXCEL CORP,Industrials,Equity,"54,27,106.53",0.01,"54,27,106.53","55,543.00",97.71,United States,NYSE
CLF,CLEVELAND CLIFFS INC,Materials,Equity,"54,21,465.40",0.01,"54,21,465.40","3,93,430.00",13.78,United States,NYSE
ECG,EVERUS CONSTRUCTION GROUP INC,Industrials,Equity,"54,06,845.07",0.01,"54,06,845.07","36,329.00",148.83,United States,NYSE
UGI,UGI CORP,Utilities,Equity,"54,00,610.13",0.01,"54,00,610.13","1,54,171.00",35.03,United States,NYSE
IDA,IDACORP INC,Utilities,Equity,"53,46,880.08",0.01,"53,46,880.08","37,396.00",142.98,United States,NYSE
LEA,LEAR CORP,Consumer Discretionary,Equity,"53,32,888.08",0.01,"53,32,888.08","36,738.00",145.16,United States,NYSE
QGEN,QIAGEN NV,Health Care,Equity,"53,22,038.36",0.01,"53,22,038.36","1,43,606.00",37.06,Germany,NYSE
MIDD,MIDDLEBY CORP,Industrials,Equity,"53,04,519.50",0.01,"53,04,519.50","33,467.00",158.5,United States,NASDAQ
RAL,RALLIANT CORP,Information Technology,Equity,"52,82,236.96",0.01,"52,82,236.96","79,937.00",66.08,United States,NYSE
TTEK,TETRA TECH INC,Industrials,Equity,"52,57,417.75",0.01,"52,57,417.75","1,84,925.00",28.43,United States,NASDAQ
LAD,LITHIA MOTORS INC CLASS A,Consumer Discretionary,Equity,"52,48,174.86",0.01,"52,48,174.86","16,747.00",313.38,United States,NYSE
HLI,HOULIHAN LOKEY INC CLASS A,Financials,Equity,"52,45,749.27",0.01,"52,45,749.27","38,043.00",137.89,United States,NYSE
W,WAYFAIR INC CLASS A,Consumer Discretionary,Equity,"52,20,565.56",0.01,"52,20,565.56","67,284.00",77.59,United States,NYSE
DVA,DAVITA INC,Health Care,Equity,"51,58,909.84",0.01,"51,58,909.84","24,724.00",208.66,United States,NYSE
CBSH,COMMERCE BANCSHARES INC,Financials,Equity,"51,60,391.54",0.01,"51,60,391.54","92,447.00",55.82,United States,NASDAQ
AM,ANTERO MIDSTREAM CORP,Energy,Equity,"51,43,634.54",0.01,"51,43,634.54","2,37,362.00",21.67,United States,NYSE
NFG,NATIONAL FUEL GAS,Utilities,Equity,"51,37,765.05",0.01,"51,37,765.05","66,251.00",77.55,United States,NYSE
AVT,AVNET INC,Information Technology,Equity,"51,38,536.57",0.01,"51,38,536.57","56,723.00",90.59,United States,NASDAQ
WFRD,WEATHERFORD INTERNATIONAL PLC,Energy,Equity,"51,33,377.70",0.01,"51,33,377.70","50,670.00",101.31,United States,NASDAQ
MOS,MOSAIC,Materials,Equity,"50,90,592.26",0.01,"50,90,592.26","2,24,354.00",22.69,United States,NYSE
HRL,HORMEL FOODS CORP,Consumer Staples,Equity,"50,68,874.25",0.01,"50,68,874.25","2,04,803.00",24.75,United States,NYSE
STAG,STAG INDUSTRIAL REIT INC,Real Estate,Equity,"50,54,003.50",0.01,"50,54,003.50","1,30,325.00",38.78,United States,NYSE
AXTA,AXALTA COATING SYSTEMS LTD,Materials,Equity,"50,50,235.19",0.01,"50,50,235.19","1,52,529.00",33.11,United States,NYSE
ENPH,ENPHASE ENERGY INC,Information Technology,Equity,"50,45,699.11",0.01,"50,45,699.11","92,429.00",54.59,United States,NASDAQ
AGCO,AGCO CORP,Industrials,Equity,"50,33,702.52",0.01,"50,33,702.52","44,748.00",112.49,United States,NYSE
AUR,AURORA INNOVATION INC CLASS A,Information Technology,Equity,"50,23,731.16",0.01,"50,23,731.16","8,19,532.00",6.13,United States,NASDAQ
ST,SENSATA TECHNOLOGIES HOLDING PLC,Industrials,Equity,"49,97,512.80",0.01,"49,97,512.80","99,157.00",50.4,United States,NYSE
THG,HANOVER INSURANCE GROUP INC,Financials,Equity,"49,79,396.45",0.01,"49,79,396.45","25,193.00",197.65,United States,NYSE
CART,MAPLEBEAR INC,Consumer Staples,Equity,"49,82,231.02",0.01,"49,82,231.02","1,20,796.00",41.24,United States,NASDAQ
EXP,EAGLE MATERIALS INC,Materials,Equity,"49,70,983.50",0.01,"49,70,983.50","23,094.00",215.25,United States,NYSE
TAP,MOLSON COORS BREWING CLASS B,Consumer Staples,Equity,"49,72,302.72",0.01,"49,72,302.72","1,19,584.00",41.58,United States,NYSE
PAYC,PAYCOM SOFTWARE INC,Industrials,Equity,"48,77,829.72",0.01,"48,77,829.72","36,261.00",134.52,United States,NYSE
GTES,GATES INDUSTRIAL PLC,Industrials,Equity,"48,25,437.72",0.01,"48,25,437.72","1,77,798.00",27.14,United States,NYSE
M,MACYS INC,Consumer Discretionary,Equity,"48,06,955.38",0.01,"48,06,955.38","1,89,474.00",25.37,United States,NYSE
RGEN,REPLIGEN CORP,Health Care,Equity,"48,09,107.34",0.01,"48,09,107.34","36,826.00",130.59,United States,NASDAQ
LKQ,LKQ CORP,Consumer Discretionary,Equity,"48,10,739.20",0.01,"48,10,739.20","1,83,616.00",26.2,United States,NASDAQ
VNO,VORNADO REALTY TRUST REIT,Real Estate,Equity,"47,78,162.58",0.01,"47,78,162.58","1,24,854.00",38.27,United States,NYSE
AOS,A O SMITH CORP,Industrials,Equity,"47,79,572.00",0.01,"47,79,572.00","80,900.00",59.08,United States,NYSE
KNSL,KINSALE CAPITAL GROUP INC,Financials,Equity,"47,71,898.50",0.01,"47,71,898.50","15,325.00",311.38,United States,NYSE
FNB,FNB CORP,Financials,Equity,"47,54,281.12",0.01,"47,54,281.12","2,55,058.00",18.64,United States,NYSE
HR,HEALTHCARE REALTY TRUST INC CLASS,Real Estate,Equity,"47,53,113.30",0.01,"47,53,113.30","2,29,619.00",20.7,United States,NYSE
ETSY,ETSY INC,Consumer Discretionary,Equity,"47,07,686.88",0.01,"47,07,686.88","67,756.00",69.48,United States,NYSE
JHG,JANUS HENDERSON GROUP PLC,Financials,Equity,"46,71,665.28",0.01,"46,71,665.28","90,117.00",51.84,United States,NYSE
LNC,LINCOLN NATIONAL CORP,Financials,Equity,"46,53,622.60",0.01,"46,53,622.60","1,24,762.00",37.3,United States,NYSE
PB,PROSPERITY BANCSHARES INC,Financials,Equity,"46,51,025.34",0.01,"46,51,025.34","64,002.00",72.67,United States,NYSE
AWI,ARMSTRONG WORLD INDUSTRIES INC,Industrials,Equity,"46,38,328.38",0.01,"46,38,328.38","30,078.00",154.21,United States,NYSE
OMF,ONEMAIN HOLDINGS INC,Financials,Equity,"46,22,148.55",0.01,"46,22,148.55","81,505.00",56.71,United States,NYSE
CAG,CONAGRA BRANDS INC,Consumer Staples,Equity,"46,10,539.44",0.01,"46,10,539.44","3,35,556.00",13.74,United States,NYSE
RYN,RAYONIER REIT INC,Real Estate,Equity,"45,93,314.08",0.01,"45,93,314.08","2,09,549.00",21.92,United States,NYSE
XP,XP CLASS A INC,Financials,Equity,"45,83,962.80",0.01,"45,83,962.80","2,86,140.00",16.02,Brazil,NASDAQ
INGR,INGREDION INC,Consumer Staples,Equity,"45,38,838.02",0.01,"45,38,838.02","44,678.00",101.59,United States,NYSE
POOL,POOL CORP,Consumer Discretionary,Equity,"45,14,640.00",0.01,"45,14,640.00","23,152.00",195,United States,NASDAQ
FAF,FIRST AMERICAN FINANCIAL CORP,Financials,Equity,"44,66,638.56",0.01,"44,66,638.56","67,944.00",65.74,United States,NYSE
MTDR,MATADOR RESOURCES,Energy,Equity,"44,54,260.50",0.01,"44,54,260.50","82,410.00",54.05,United States,NYSE
DOX,AMDOCS LTD,Information Technology,Equity,"44,22,493.20",0.01,"44,22,493.20","78,413.00",56.4,United States,NASDAQ
CROX,CROCS INC,Consumer Discretionary,Equity,"44,07,500.82",0.01,"44,07,500.82","35,342.00",124.71,United States,NASDAQ
VFC,VF CORP,Consumer Discretionary,Equity,"43,79,482.80",0.01,"43,79,482.80","2,48,270.00",17.64,United States,NYSE
ALGM,ALLEGRO MICROSYSTEMS INC,Information Technology,Equity,"43,60,284.53",0.01,"43,60,284.53","86,505.00",50.41,United States,NASDAQ
AVTR,AVANTOR INC,Health Care,Equity,"43,37,269.17",0.01,"43,37,269.17","4,61,903.00",9.39,United States,NYSE
PRMB,PRIMO BRANDS CLASS A CORP,Consumer Staples,Equity,"43,38,644.10",0.01,"43,38,644.10","1,79,654.00",24.15,United States,NYSE
MSGS,MADISON SQUARE GARDEN SPORTS CORP,Communication,Equity,"43,26,880.64",0.01,"43,26,880.64","11,248.00",384.68,United States,NYSE
LW,LAMB WESTON HOLDINGS INC,Consumer Staples,Equity,"43,27,300.66",0.01,"43,27,300.66","95,357.00",45.38,United States,NYSE
SARO,STANDARDAERO,Industrials,Equity,"43,25,486.49",0.01,"43,25,486.49","1,60,739.00",26.91,United States,NYSE
MSA,MSA SAFETY INC,Industrials,Equity,"42,57,391.03",0.01,"42,57,391.03","26,627.00",159.89,United States,NYSE
CZR,CAESARS ENTERTAINMENT INC,Consumer Discretionary,Equity,"42,40,927.41",0.01,"42,40,927.41","1,43,809.00",29.49,United States,NASDAQ
WH,WYNDHAM HOTELS RESORTS INC,Consumer Discretionary,Equity,"42,21,722.03",0.01,"42,21,722.03","53,177.00",79.39,United States,NYSE
GNTX,GENTEX CORP,Consumer Discretionary,Equity,"42,24,903.36",0.01,"42,24,903.36","1,63,376.00",25.86,United States,NASDAQ
CHE,CHEMED CORP,Health Care,Equity,"41,83,036.56",0.01,"41,83,036.56","9,976.00",419.31,United States,NYSE
OWL,BLUE OWL CAPITAL INC CLASS A,Financials,Equity,"41,31,724.08",0.01,"41,31,724.08","4,26,831.00",9.68,United States,NYSE
VSNT,VERSANT MEDIA GROUP INC,Communication,Equity,"41,05,202.64",0.01,"41,05,202.64","1,01,288.00",40.53,United States,NASDAQ
TFX,TELEFLEX INC,Health Care,Equity,"40,78,935.28",0.01,"40,78,935.28","31,261.00",130.48,United States,NYSE
OZK,BANK OZK,Financials,Equity,"40,80,159.40",0.01,"40,80,159.40","78,314.00",52.1,United States,NASDAQ
CE,CELANESE CORP,Materials,Equity,"40,75,817.76",0.01,"40,75,817.76","76,212.00",53.48,United States,NYSE
STWD,STARWOOD PROPERTY TRUST REIT INC,Financials,Equity,"40,77,212.00",0.01,"40,77,212.00","2,39,836.00",17,United States,NYSE
GXO,GXO LOGISTICS INC,Industrials,Equity,"40,56,315.20",0.01,"40,56,315.20","81,616.00",49.7,United States,NYSE
MTG,MGIC INVESTMENT CORP,Financials,Equity,"39,86,148.02",0.01,"39,86,148.02","1,54,442.00",25.81,United States,NYSE
CHDN,CHURCHILL DOWNS INC,Consumer Discretionary,Equity,"39,57,421.86",0.01,"39,57,421.86","45,519.00",86.94,United States,NASDAQ
FND,FLOOR DECOR HOLDINGS INC CLASS A,Consumer Discretionary,Equity,"39,47,906.76",0.01,"39,47,906.76","74,014.00",53.34,United States,NYSE
MHK,MOHAWK INDUSTRIES INC,Consumer Discretionary,Equity,"39,46,297.68",0.01,"39,46,297.68","36,662.00",107.64,United States,NYSE
UHALB,U HAUL NON VOTING SERIES N,Industrials,Equity,"38,96,337.40",0.01,"38,96,337.40","70,331.00",55.4,United States,NYSE
TPG,TPG INC CLASS A,Financials,Equity,"38,97,824.26",0.01,"38,97,824.26","90,626.00",43.01,United States,NASDAQ
BRKR,BRUKER CORP,Health Care,Equity,"38,86,230.26",0.01,"38,86,230.26","71,662.00",54.23,United States,NASDAQ
SAIC,SCIENCE APPLICATIONS INTERNATIONAL,Industrials,Equity,"38,81,262.43",0.01,"38,81,262.43","34,103.00",113.81,United States,NASDAQ
BIO,BIO RAD LABORATORIES INC CLASS A,Health Care,Equity,"38,58,760.30",0.01,"38,58,760.30","13,495.00",285.94,United States,NYSE
ACI,ALBERTSONS COMPANY INC CLASS A,Consumer Staples,Equity,"38,25,101.02",0.01,"38,25,101.02","2,48,222.00",15.41,United States,NYSE
ALK,ALASKA AIR GROUP INC,Industrials,Equity,"37,88,912.40",0.01,"37,88,912.40","80,070.00",47.32,United States,NYSE
LYFT,LYFT INC CLASS A,Industrials,Equity,"37,83,549.90",0.01,"37,83,549.90","2,79,435.00",13.54,United States,NASDAQ
PCOR,PROCORE TECHNOLOGIES INC,Information Technology,Equity,"37,33,102.08",0.01,"37,33,102.08","88,128.00",42.36,United States,NYSE
FBIN,FORTUNE BRANDS INNOVATIONS INC,Industrials,Equity,"37,35,288.50",0.01,"37,35,288.50","86,425.00",43.22,United States,NYSE
EPAM,EPAM SYSTEMS INC,Information Technology,Equity,"37,17,053.98",0.01,"37,17,053.98","38,971.00",95.38,United States,NYSE
BC,BRUNSWICK CORP,Consumer Discretionary,Equity,"37,04,054.40",0.01,"37,04,054.40","44,865.00",82.56,United States,NYSE
AS,AMER SPORTS INC,Consumer Discretionary,Equity,"37,02,024.00",0.01,"37,02,024.00","1,04,400.00",35.46,United States,NYSE
ESTC,ELASTIC NV,Information Technology,Equity,"36,95,954.70",0.01,"36,95,954.70","61,242.00",60.35,United States,NYSE
AN,AUTONATION INC,Consumer Discretionary,Equity,"36,92,123.81",0.01,"36,92,123.81","19,277.00",191.53,United States,NYSE
SIRI,SIRIUSXM HOLDINGS INC,Communication,Equity,"36,55,591.68",0.01,"36,55,591.68","1,32,834.00",27.52,United States,NASDAQ
Z,ZILLOW GROUP INC CLASS C,Real Estate,Equity,"36,47,384.22",0.01,"36,47,384.22","1,13,874.00",32.03,United States,NASDAQ
ESAB,ESAB CORP,Industrials,Equity,"36,44,669.14",0.01,"36,44,669.14","39,802.00",91.57,United States,NYSE
G,GENPACT LTD,Industrials,Equity,"36,09,603.34",0.01,"36,09,603.34","1,12,589.00",32.06,United States,NYSE
SON,SONOCO PRODUCTS,Materials,Equity,"35,63,465.62",0.01,"35,63,465.62","70,466.00",50.57,United States,NYSE
MSM,MSC INDUSTRIAL INC CLASS A,Industrials,Equity,"35,56,594.51",0.01,"35,56,594.51","30,479.00",116.69,United States,NYSE
BYD,BOYD GAMING CORP,Consumer Discretionary,Equity,"35,56,735.82",0.01,"35,56,735.82","40,667.00",87.46,United States,NYSE
GAP,GAP INC,Consumer Discretionary,Equity,"35,31,666.93",0.01,"35,31,666.93","1,61,337.00",21.89,United States,NYSE
DBX,DROPBOX INC CLASS A,Information Technology,Equity,"35,25,628.05",0.01,"35,25,628.05","1,30,145.00",27.09,United States,NASDAQ
TREX,TREX INC,Industrials,Equity,"35,03,790.81",0.01,"35,03,790.81","76,787.00",45.63,United States,NYSE
OLLI,OLLIES BARGAIN OUTLET HOLDINGS INC,Consumer Discretionary,Equity,"34,99,247.25",0.01,"34,99,247.25","42,033.00",83.25,United States,NASDAQ
FCN,FTI CONSULTING INC,Industrials,Equity,"34,63,961.65",0.01,"34,63,961.65","21,845.00",158.57,United States,NYSE
WSC,WILLSCOT HOLDINGS CORP CLASS A,Industrials,Equity,"34,52,197.99",0.01,"34,52,197.99","1,22,723.00",28.13,United States,NASDAQ
NXST,NEXSTAR MEDIA GROUP INC,Communication,Equity,"34,47,073.00",0.01,"34,47,073.00","19,754.00",174.5,United States,NASDAQ
VVV,VALVOLINE INC,Consumer Discretionary,Equity,"34,41,540.66",0.01,"34,41,540.66","91,506.00",37.61,United States,NYSE
NEU,NEWMARKET CORP,Materials,Equity,"34,33,319.60",0.01,"34,33,319.60","4,120.00",833.33,United States,NYSE
WEX,WEX INC,Financials,Equity,"34,24,491.50",0.01,"34,24,491.50","25,273.00",135.5,United States,NYSE
VIRT,VIRTU FINANCIAL INC CLASS A,Financials,Equity,"34,10,354.94",0.01,"34,10,354.94","59,187.00",57.62,United States,NYSE
SITE,SITEONE LANDSCAPE SUPPLY INC,Industrials,Equity,"34,04,272.50",0.01,"34,04,272.50","31,965.00",106.5,United States,NYSE
BEPC,BROOKFIELD RENEWABLE SUBORDINATE V,Utilities,Equity,"34,05,648.19",0.01,"34,05,648.19","93,331.00",36.49,Canada,NYSE
HRB,H&R BLOCK INC,Consumer Discretionary,Equity,"33,89,275.12",0.01,"33,89,275.12","92,806.00",36.52,United States,NYSE
WTM,WHITE MOUNTAINS INSURANCE GROUP LT,Financials,Equity,"33,84,211.60",0.01,"33,84,211.60","1,672.00","2,024.05",United States,NYSE
CUZ,COUSINS PROPERTIES REIT INC,Real Estate,Equity,"33,73,572.90",0.01,"33,73,572.90","1,16,290.00",29.01,United States,NYSE
BSY,BENTLEY SYSTEMS INC CLASS B,Information Technology,Equity,"33,77,073.70",0.01,"33,77,073.70","1,10,110.00",30.67,United States,NASDAQ
LPX,LOUISIANA PACIFIC CORP,Materials,Equity,"33,65,769.12",0.01,"33,65,769.12","44,853.00",75.04,United States,NYSE
RITM,RITHM CAPITAL CORP,Financials,Equity,"33,54,095.08",0.01,"33,54,095.08","3,60,268.00",9.31,United States,NYSE
CELH,CELSIUS HOLDINGS INC,Consumer Staples,Equity,"33,55,933.44",0.01,"33,55,933.44","1,15,008.00",29.18,United States,NASDAQ
PCTY,PAYLOCITY HOLDING CORP,Industrials,Equity,"33,52,925.04",0.01,"33,52,925.04","30,806.00",108.84,United States,NASDAQ
MTN,VAIL RESORTS INC,Consumer Discretionary,Equity,"33,40,481.98",0.01,"33,40,481.98","25,058.00",133.31,United States,NYSE
MAT,MATTEL INC,Consumer Discretionary,Equity,"32,91,591.30",0.01,"32,91,591.30","2,24,682.00",14.65,United States,NASDAQ
KBR,KBR INC,Industrials,Equity,"32,82,370.56",0.01,"32,82,370.56","91,584.00",35.84,United States,NYSE
MKTX,MARKETAXESS HOLDINGS INC,Financials,Equity,"32,83,614.18",0.01,"32,83,614.18","27,162.00",120.89,United States,NASDAQ
LLYVK,LIBERTY LIVE HOLDINGS INC SERIES C,Consumer Discretionary,Equity,"32,61,405.12",0.01,"32,61,405.12","32,352.00",100.81,United States,NASDAQ
SLM,SLM CORP,Financials,Equity,"32,55,640.98",0.01,"32,55,640.98","1,45,471.00",22.38,United States,NASDAQ
DUOL,DUOLINGO INC CLASS A,Consumer Discretionary,Equity,"32,46,138.73",0.01,"32,46,138.73","26,471.00",122.63,United States,NASDAQ
TNL,TRAVEL LEISURE,Consumer Discretionary,Equity,"32,41,185.99",0.01,"32,41,185.99","43,723.00",74.13,United States,NYSE
TEM,TEMPUS AI INC CLASS A,Health Care,Equity,"32,23,880.94",0.01,"32,23,880.94","67,417.00",47.82,United States,NASDAQ
RLI,RLI CORP,Financials,Equity,"32,17,574.35",0.01,"32,17,574.35","59,201.00",54.35,United States,NYSE
EXLS,EXLSERVICE HOLDINGS INC,Industrials,Equity,"31,92,847.56",0.01,"31,92,847.56","1,10,709.00",28.84,United States,NASDAQ
POST,POST HOLDINGS INC,Consumer Staples,Equity,"31,84,922.30",0.01,"31,84,922.30","34,195.00",93.14,United States,NYSE
WING,WINGSTOP INC,Consumer Discretionary,Equity,"31,57,189.66",0.01,"31,57,189.66","19,454.00",162.29,United States,NASDAQ
CHWY,CHEWY INC CLASS A,Consumer Discretionary,Equity,"31,43,243.18",0.01,"31,43,243.18","1,62,778.00",19.31,United States,NYSE
IRDM,IRIDIUM COMMUNICATIONS INC,Communication,Equity,"31,41,622.12",0.01,"31,41,622.12","66,391.00",47.32,United States,NASDAQ
MRP,MILLROSE PROPERTIES INC CLASS A,Real Estate,Equity,"31,32,727.59",0.01,"31,32,727.59","1,07,543.00",29.13,United States,NYSE
CPB,CAMPBELL SOUP,Consumer Staples,Equity,"31,19,313.12",0.01,"31,19,313.12","1,36,752.00",22.81,United States,NASDAQ
S,SENTINELONE INC CLASS A,Information Technology,Equity,"31,08,268.35",0.01,"31,08,268.35","2,09,311.00",14.85,United States,NYSE
KRC,KILROY REALTY REIT CORP,Real Estate,Equity,"30,92,622.00",0.01,"30,92,622.00","80,600.00",38.37,United States,NYSE
CWEN,CLEARWAY ENERGY INC CLASS C,Utilities,Equity,"30,86,816.07",0.01,"30,86,816.07","82,381.00",37.47,United States,NYSE
EPR,EPR PROPERTIES REIT,Real Estate,Equity,"30,75,511.95",0.01,"30,75,511.95","51,387.00",59.85,United States,NYSE
MDU,MDU RESOURCES GROUP INC,Utilities,Equity,"30,66,966.35",0.01,"30,66,966.35","1,45,285.00",21.11,United States,NYSE
YETI,YETI HOLDINGS INC,Consumer Discretionary,Equity,"30,31,452.08",0.01,"30,31,452.08","60,124.00",50.42,United States,NYSE
VNT,VONTIER CORP,Information Technology,Equity,"30,20,751.81",0.01,"30,20,751.81","1,03,203.00",29.27,United States,NYSE
PLNT,PLANET FITNESS INC CLASS A,Consumer Discretionary,Equity,"29,86,635.50",0.01,"29,86,635.50","58,550.00",51.01,United States,NYSE
PATH,UIPATH INC CLASS A,Information Technology,Equity,"29,53,915.60",0.01,"29,53,915.60","2,79,992.00",10.55,United States,NYSE
BBWI,BATH AND BODY WORKS INC,Consumer Discretionary,Equity,"29,35,743.80",0.01,"29,35,743.80","1,51,327.00",19.4,United States,NYSE
COLD,AMERICOLD REALTY INC TRUST,Real Estate,Equity,"28,96,424.76",0.01,"28,96,424.76","2,00,306.00",14.46,United States,NYSE
MORN,MORNINGSTAR INC,Financials,Equity,"28,81,843.34",0.01,"28,81,843.34","16,447.00",175.22,United States,NASDAQ
LOPE,GRAND CANYON EDUCATION INC,Consumer Discretionary,Equity,"28,69,565.44",0.01,"28,69,565.44","19,456.00",147.49,United States,NASDAQ
NVST,ENVISTA HOLDINGS CORP,Health Care,Equity,"28,59,946.80",0.01,"28,59,946.80","1,16,258.00",24.6,United States,NYSE
LAZ,LAZARD INC,Financials,Equity,"28,19,502.80",0.01,"28,19,502.80","64,490.00",43.72,United States,NYSE
THO,THOR INDUSTRIES INC,Consumer Discretionary,Equity,"28,13,386.69",0.01,"28,13,386.69","36,457.00",77.17,United States,NYSE
OLED,UNIVERSAL DISPLAY CORP,Information Technology,Equity,"28,11,206.02",0.01,"28,11,206.02","30,737.00",91.46,United States,NASDAQ
SHC,SOTERA HEALTH COMPANY,Health Care,Equity,"27,99,817.65",0.01,"27,99,817.65","1,72,935.00",16.19,United States,NASDAQ
BFB,BROWN FORMAN CORP CLASS B,Consumer Staples,Equity,"27,90,700.21",0.01,"27,90,700.21","1,03,321.00",27.01,United States,NYSE
PVH,PVH CORP,Consumer Discretionary,Equity,"27,43,119.24",0.01,"27,43,119.24","33,469.00",81.96,United States,NYSE
LBRDK,LIBERTY BROADBAND CORP SERIES C,Communication,Equity,"26,51,263.55",0.01,"26,51,263.55","77,545.00",34.19,United States,NASDAQ
NWS,NEWS CORP CLASS B,Communication,Equity,"26,18,916.30",0.01,"26,18,916.30","89,505.00",29.26,United States,NASDAQ
BHF,BRIGHTHOUSE FINANCIAL INC,Financials,Equity,"25,95,323.28",0.01,"25,95,323.28","41,176.00",63.03,United States,NASDAQ
BFAM,BRIGHT HORIZONS FAMILY SOLUTIONS I,Consumer Discretionary,Equity,"25,89,979.30",0.01,"25,89,979.30","39,938.00",64.85,United States,NYSE
GTLB,GITLAB INC CLASS A,Information Technology,Equity,"25,73,242.84",0.01,"25,73,242.84","92,596.00",27.79,United States,NASDAQ
DRS,LEONARDO DRS INC,Industrials,Equity,"25,69,469.38",0.01,"25,69,469.38","52,946.00",48.53,United States,NASDAQ
RYAN,RYAN SPECIALTY HOLDINGS INC CLASS,Financials,Equity,"25,71,390.36",0.01,"25,71,390.36","72,149.00",35.64,United States,NYSE
FHB,FIRST HAWAIIAN INC,Financials,Equity,"25,57,627.43",0.01,"25,57,627.43","89,147.00",28.69,United States,NASDAQ
JHX,JAMES HARDIE INDUSTRIES PLC,Materials,Equity,"25,56,887.19",0.01,"25,56,887.19","1,05,963.00",24.13,Australia,NYSE
OGN,ORGANON,Health Care,Equity,"24,91,292.16",0.01,"24,91,292.16","1,85,364.00",13.44,United States,NYSE
AGO,ASSURED GUARANTY LTD,Financials,Equity,"24,89,919.90",0.01,"24,89,919.90","32,565.00",76.46,United States,NYSE
AMTM,AMENTUM HOLDINGS INC,Industrials,Equity,"24,77,932.56",0.01,"24,77,932.56","1,08,396.00",22.86,United States,NYSE
APPF,APPFOLIO INC CLASS A,Information Technology,Equity,"24,74,895.92",0.01,"24,74,895.92","15,352.00",161.21,United States,NASDAQ
SLGN,SILGAN HOLDINGS INC,Materials,Equity,"24,66,627.54",0.01,"24,66,627.54","60,294.00",40.91,United States,NYSE
ADT,ADT INC,Consumer Discretionary,Equity,"24,34,182.40",0.01,"24,34,182.40","3,57,968.00",6.8,United States,NYSE
PENN,PENN ENTERTAINMENT INC,Consumer Discretionary,Equity,"23,82,545.28",0,"23,82,545.28","1,09,896.00",21.68,United States,NASDAQ
VGNT,VERSIGENT PLC,Consumer Discretionary,Equity,"23,63,494.49",0,"23,63,494.49","50,621.00",46.69,United States,NYSE
RHI,ROBERT HALF,Industrials,Equity,"23,51,853.63",0,"23,51,853.63","72,387.00",32.49,United States,NYSE
TDC,TERADATA CORP,Information Technology,Equity,"23,42,835.00",0,"23,42,835.00","70,995.00",33,United States,NYSE
CAR,AVIS BUDGET GROUP INC,Industrials,Equity,"23,40,496.96",0,"23,40,496.96","12,508.00",187.12,United States,NASDAQ
RNG,RINGCENTRAL INC CLASS A,Information Technology,Equity,"23,26,205.28",0,"23,26,205.28","60,202.00",38.64,United States,NYSE
DLB,DOLBY LABORATORIES INC CLASS A,Information Technology,Equity,"22,83,779.68",0,"22,83,779.68","43,484.00",52.52,United States,NYSE
HIW,HIGHWOODS PROPERTIES REIT INC,Real Estate,Equity,"22,70,883.68",0,"22,70,883.68","76,102.00",29.84,United States,NYSE
ELF,ELF BEAUTY INC,Consumer Staples,Equity,"22,66,035.55",0,"22,66,035.55","37,057.00",61.15,United States,NYSE
HLNE,HAMILTON LANE INC CLASS A,Financials,Equity,"22,64,266.80",0,"22,64,266.80","28,268.00",80.1,United States,NASDAQ
PAG,PENSKE AUTOMOTIVE GROUP VOTING INC,Consumer Discretionary,Equity,"22,58,742.72",0,"22,58,742.72","12,482.00",180.96,United States,NYSE
GPK,GRAPHIC PACKAGING HOLDING,Materials,Equity,"22,30,939.30",0,"22,30,939.30","2,08,499.00",10.7,United States,NYSE
LINE,LINEAGE INC,Real Estate,Equity,"22,00,788.90",0,"22,00,788.90","49,545.00",44.42,United States,NASDAQ
NSA,NATIONAL STORAGE AFFILIATES TRUST,Real Estate,Equity,"21,96,297.36",0,"21,96,297.36","48,038.00",45.72,United States,NYSE
PPLI,PEOPLE,Communication,Equity,"21,80,439.04",0,"21,80,439.04","51,136.00",42.64,United States,NASDAQ
BOKF,BOK FINANCIAL CORP,Financials,Equity,"21,35,587.65",0,"21,35,587.65","15,865.00",134.61,United States,NASDAQ
VKTX,VIKING THERAPEUTICS INC,Health Care,Equity,"21,21,376.25",0,"21,21,376.25","73,787.00",28.75,United States,NASDAQ
PK,PARK HOTELS RESORTS INC,Real Estate,Equity,"21,06,560.00",0,"21,06,560.00","1,45,280.00",14.5,United States,NYSE
PSN,PARSONS CORP,Industrials,Equity,"20,93,704.20",0,"20,93,704.20","36,926.00",56.7,United States,NYSE
QS,QUANTUMSCAPE CORP CLASS A,Consumer Discretionary,Equity,"20,46,152.73",0,"20,46,152.73","2,88,597.00",7.09,United States,NASDAQ
ASH,ASHLAND INC,Materials,Equity,"20,30,300.10",0,"20,30,300.10","31,245.00",64.98,United States,NYSE
HAYW,HAYWARD HOLDINGS INC,Industrials,Equity,"20,28,364.74",0,"20,28,364.74","1,38,834.00",14.61,United States,NYSE
LOAR,LOAR HOLDINGS INC,Industrials,Equity,"20,29,899.08",0,"20,29,899.08","29,812.00",68.09,United States,NYSE
WLK,WESTLAKE CORP,Materials,Equity,"20,22,136.50",0,"20,22,136.50","22,849.00",88.5,United States,NYSE
HOG,HARLEY DAVIDSON INC,Consumer Discretionary,Equity,"20,24,534.40",0,"20,24,534.40","78,960.00",25.64,United States,NYSE
OLN,OLIN CORP,Materials,Equity,"20,24,925.14",0,"20,24,925.14","80,578.00",25.13,United States,NYSE
CHH,CHOICE HOTELS INTERNATIONAL INC,Consumer Discretionary,Equity,"19,97,497.92",0,"19,97,497.92","18,232.00",109.56,United States,NYSE
IPGP,IPG PHOTONICS CORP,Information Technology,Equity,"19,93,648.85",0,"19,93,648.85","17,389.00",114.65,United States,NASDAQ
PEGA,PEGASYSTEMS INC,Information Technology,Equity,"19,67,467.32",0,"19,67,467.32","60,057.00",32.76,United States,NASDAQ
CCC,CCC INTELLIGENT SOLUTIONS HOLDINGS,Information Technology,Equity,"19,37,993.80",0,"19,37,993.80","4,21,303.00",4.6,United States,NASDAQ
FOUR,SHIFT4 PAYMENTS INC CLASS A,Financials,Equity,"19,13,140.44",0,"19,13,140.44","46,458.00",41.18,United States,NYSE
SMG,SCOTTS MIRACLE GRO,Materials,Equity,"19,03,937.91",0,"19,03,937.91","30,873.00",61.67,United States,NYSE
KD,KYNDRYL HOLDINGS INC,Information Technology,Equity,"18,76,890.60",0,"18,76,890.60","1,60,418.00",11.7,United States,NYSE
BILL,BILL HOLDINGS INC,Information Technology,Equity,"18,74,902.26",0,"18,74,902.26","56,507.00",33.18,United States,NYSE
HUN,HUNTSMAN CORP,Materials,Equity,"18,59,964.32",0,"18,59,964.32","1,18,168.00",15.74,United States,NYSE
DOCS,DOXIMITY INC CLASS A,Health Care,Equity,"18,32,076.84",0,"18,32,076.84","91,421.00",20.04,United States,NYSE
EEFT,EURONET WORLDWIDE INC,Financials,Equity,"18,22,217.76",0,"18,22,217.76","27,336.00",66.66,United States,NASDAQ
BIRK,BIRKENSTOCK HOLDING PLC,Consumer Discretionary,Equity,"18,15,303.75",0,"18,15,303.75","37,237.00",48.75,United States,NYSE
UI,UBIQUITI INC,Information Technology,Equity,"17,40,874.61",0,"17,40,874.61","2,957.00",588.73,United States,NYSE
CACC,CREDIT ACCEPTANCE CORP,Financials,Equity,"17,30,509.55",0,"17,30,509.55","3,157.00",548.15,United States,NASDAQ
MPT,MEDICAL PROPERTIES TRUST REIT INC,Real Estate,Equity,"17,31,238.40",0,"17,31,238.40","3,49,040.00",4.96,United States,NYSE
FRPT,FRESHPET INC,Consumer Staples,Equity,"17,20,296.88",0,"17,20,296.88","32,668.00",52.66,United States,NASDAQ
KRMN,KARMAN HOLDINGS INC,Industrials,Equity,"17,07,961.47",0,"17,07,961.47","35,709.00",47.83,United States,NYSE
FRHC,FREEDOM HOLDING CORP,Financials,Equity,"17,08,704.80",0,"17,08,704.80","12,364.00",138.2,United States,NASDAQ
WHR,WHIRLPOOL CORP,Consumer Discretionary,Equity,"16,04,729.35",0,"16,04,729.35","37,415.00",42.89,United States,NYSE
RH,RH,Consumer Discretionary,Equity,"15,66,976.56",0,"15,66,976.56","10,239.00",153.04,United States,NYSE
ACHC,ACADIA HEALTHCARE COMPANY INC,Health Care,Equity,"15,64,978.20",0,"15,64,978.20","63,617.00",24.6,United States,NASDAQ
HHH,HOWARD HUGHES HOLDINGS INC,Real Estate,Equity,"15,43,529.96",0,"15,43,529.96","23,086.00",66.86,United States,NYSE
RARE,ULTRAGENYX PHARMACEUTICAL INC,Health Care,Equity,"14,83,621.15",0,"14,83,621.15","60,929.00",24.35,United States,NASDAQ
WU,WESTERN UNION,Financials,Equity,"14,65,704.15",0,"14,65,704.15","1,94,133.00",7.55,United States,NYSE
CXT,CRANE NXT,Information Technology,Equity,"14,42,833.31",0,"14,42,833.31","33,973.00",42.47,United States,NYSE
NWL,NEWELL BRANDS INC,Consumer Discretionary,Equity,"14,43,277.08",0,"14,43,277.08","2,93,349.00",4.92,United States,NASDAQ
LBTYA,LIBERTY GLOBAL LTD CLASS A,Communication,Equity,"14,43,665.44",0,"14,43,665.44","1,15,864.00",12.46,United States,NASDAQ
FWONA,LIBERTY MEDIA FORMULA ONE SERIES A,Communication,Equity,"14,34,005.10",0,"14,34,005.10","17,490.00",81.99,United States,NASDAQ
XRAY,DENTSPLY SIRONA INC,Health Care,Equity,"14,07,887.97",0,"14,07,887.97","1,39,533.00",10.09,United States,NASDAQ
LLYVA,LIBERTY LIVE HOLDINGS INC SERIES A,Consumer Discretionary,Equity,"13,12,141.41",0,"13,12,141.41","13,537.00",96.93,United States,NASDAQ
DDS,DILLARDS INC CLASS A,Consumer Discretionary,Equity,"13,06,031.41",0,"13,06,031.41","2,141.00",610.01,United States,NYSE
SNDR,SCHNEIDER NATIONAL INC CLASS B,Industrials,Equity,"12,64,945.08",0,"12,64,945.08","32,907.00",38.44,United States,NYSE
COLM,COLUMBIA SPORTSWEAR,Consumer Discretionary,Equity,"12,17,610.24",0,"12,17,610.24","18,176.00",66.99,United States,NASDAQ
LBTYK,LIBERTY GLOBAL LTD CLASS C,Communication,Equity,"11,77,844.72",0,"11,77,844.72","98,072.00",12.01,United States,NASDAQ
CAI,CARIS LIFE SCIENCES INC,Health Care,Equity,"11,50,493.31",0,"11,50,493.31","64,023.00",17.97,United States,NASDAQ
SMMT,SUMMIT THERAPEUTICS INC,Health Care,Equity,"11,44,617.00",0,"11,44,617.00","81,700.00",14.01,United States,NASDAQ
NCNO,NCINO INC,Information Technology,Equity,"11,42,289.84",0,"11,42,289.84","74,562.00",15.32,United States,NASDAQ
DXC,DXC TECHNOLOGY,Information Technology,Equity,"11,42,334.41",0,"11,42,334.41","1,24,573.00",9.17,United States,NYSE
MAN,MANPOWER INC,Industrials,Equity,"11,26,114.00",0,"11,26,114.00","33,121.00",34,United States,NYSE
GLOB,GLOBANT SA,Information Technology,Equity,"10,98,269.55",0,"10,98,269.55","29,295.00",37.49,United States,NYSE
KMPR,KEMPER CORP,Financials,Equity,"10,98,878.40",0,"10,98,878.40","43,920.00",25.02,United States,NYSE
SEB,SEABOARD CORP,Consumer Staples,Equity,"10,74,112.78",0,"10,74,112.78",202,"5,317.39",United States,Nyse Mkt Llc
ZG,ZILLOW GROUP INC CLASS A,Real Estate,Equity,"10,62,357.84",0,"10,62,357.84","32,972.00",32.22,United States,NASDAQ
PRGO,PERRIGO PLC,Health Care,Equity,"10,53,490.41",0,"10,53,490.41","95,859.00",10.99,United States,NYSE
FMC,FMC CORP,Materials,Equity,"10,30,310.10",0,"10,30,310.10","86,946.00",11.85,United States,NYSE
FLO,FLOWERS FOODS INC,Consumer Staples,Equity,"10,09,194.50",0,"10,09,194.50","1,29,550.00",7.79,United States,NYSE
SAM,BOSTON BEER INC CLASS A,Consumer Staples,Equity,"9,92,755.62",0,"9,92,755.62","5,458.00",181.89,United States,NYSE
DV,DOUBLEVERIFY HOLDINGS INC,Communication,Equity,"9,84,249.00",0,"9,84,249.00","96,495.00",10.2,United States,NYSE
SRPT,SAREPTA THERAPEUTICS INC,Health Care,Equity,"9,79,105.12",0,"9,79,105.12","63,952.00",15.31,United States,NASDAQ
BFA,BROWN FORMAN CORP CLASS A,Consumer Staples,Equity,"9,46,834.40",0,"9,46,834.40","34,556.00",27.4,United States,NYSE
INSP,INSPIRE MEDICAL SYSTEMS INC,Health Care,Equity,"8,92,899.70",0,"8,92,899.70","20,911.00",42.7,United States,NYSE
REYN,REYNOLDS CONSUMER PRODUCTS INC,Consumer Staples,Equity,"8,87,104.53",0,"8,87,104.53","37,701.00",23.53,United States,NASDAQ
DJT,TRUMP MEDIA TECHNOLOGY GROUP CORP,Communication,Equity,"8,77,141.20",0,"8,77,141.20","1,12,454.00",7.8,United States,NASDAQ
SFD,SMITHFIELD FOODS INC,Consumer Staples,Equity,"8,48,796.39",0,"8,48,796.39","31,707.00",26.77,United States,NASDAQ
WEN,WENDYS,Consumer Discretionary,Equity,"8,37,648.35",0,"8,37,648.35","1,23,365.00",6.79,United States,NASDAQ
UAA,UNDER ARMOUR INC CLASS A,Consumer Discretionary,Equity,"8,32,008.10",0,"8,32,008.10","1,37,522.00",6.05,United States,NYSE
CNXC,CONCENTRIX CORP,Industrials,Equity,"8,35,308.40",0,"8,35,308.40","31,882.00",26.2,United States,NASDAQ
PPC,PILGRIMS PRIDE CORP,Consumer Staples,Equity,"8,30,322.91",0,"8,30,322.91","27,613.00",30.07,United States,NASDAQ
UA,UNDER ARMOUR INC CLASS C,Consumer Discretionary,Equity,"8,09,017.44",0,"8,09,017.44","1,37,588.00",5.88,United States,NYSE
BRBR,BELLRING BRANDS INC,Consumer Staples,Equity,"8,04,634.92",0,"8,04,634.92","91,332.00",8.81,United States,NYSE
CNA,CNA FINANCIAL CORP,Financials,Equity,"7,83,012.48",0,"7,83,012.48","17,354.00",45.12,United States,NYSE
TFSL,TFS FINANCIAL CORP,Financials,Equity,"7,03,804.32",0,"7,03,804.32","41,596.00",16.92,United States,NASDAQ
FIGR,FIGURE TECHNOLOGY SOLUTIONS INC CL,Financials,Equity,"6,81,715.44",0,"6,81,715.44","24,408.00",27.93,United States,NASDAQ
BLSH,BULLISH,Financials,Equity,"6,31,217.58",0,"6,31,217.58","23,198.00",27.21,United States,NYSE
CLVT,CLARIVATE PLC,Industrials,Equity,"6,32,663.33",0,"6,32,663.33","2,86,273.00",2.21,United States,NYSE
SAIL,SAILPOINT INC,Information Technology,Equity,"6,14,814.86",0,"6,14,814.86","42,053.00",14.62,United States,NASDAQ
COTY,COTY INC CLASS A,Consumer Staples,Equity,"5,63,536.80",0,"5,63,536.80","2,72,240.00",2.07,United States,NYSE
GTM,ZOOMINFO TECHNOLOGIES INC,Communication,Equity,"5,48,124.22",0,"5,48,124.22","1,95,062.00",2.81,United States,NASDAQ
LENB,LENNAR CORP CLASS B,Consumer Discretionary,Equity,"5,43,478.50",0,"5,43,478.50","6,141.00",88.5,United States,NYSE
GLIBK,LIBERTY CAPITAL CORP SERIES C,Communication,Equity,"5,06,133.76",0,"5,06,133.76","22,336.00",22.66,United States,NASDAQ
LCID,LUCID GROUP INC,Consumer Discretionary,Equity,"4,52,186.80",0,"4,52,186.80","86,959.00",5.2,United States,NASDAQ
CERT,CERTARA INC,Health Care,Equity,"4,20,113.20",0,"4,20,113.20","80,791.00",5.2,United States,NASDAQ
CBC,CENTRAL BANCOMPANY INC CLASS A,Financials,Equity,"4,12,560.70",0,"4,12,560.70","14,330.00",28.79,United States,NASDAQ
LBRDA,LIBERTY BROADBAND CORP SERIES A,Communication,Equity,"3,99,067.52",0,"3,99,067.52","11,696.00",34.12,United States,NASDAQ
UHAL,U HAUL HOLDING,Industrials,Equity,"3,87,691.70",0,"3,87,691.70","6,215.00",62.38,United States,NYSE
INGM,INGRAM MICRO HOLDING CORP,Information Technology,Equity,"3,71,785.75",0,"3,71,785.75","12,497.00",29.75,United States,NYSE
UWMC,UWM HOLDINGS CORP CLASS A,Financials,Equity,"2,92,599.58",0,"2,92,599.58","1,22,941.00",2.38,United States,NYSE
NIQ,NIQ GLOBAL INTELLIGENCE PLC,Communication,Equity,"2,76,474.37",0,"2,76,474.37","33,431.00",8.27,United States,NYSE
FRMI,FERMI INC,Real Estate,Equity,"1,70,574.60",0,"1,70,574.60","23,890.00",7.14,United States,NASDAQ
GLIBA,LIBERTY CAPITAL CORP SERIES A,Communication,Equity,"52,487.16",0,"52,487.16","2,339.00",22.44,United States,NASDAQ